SKU,Name,Category,Quantity,Unit,Cost Price,Selling Price,Stock Status
"HAB-00001","ABLEVOX 500MG 100ML","Antibiotics",100,"Unit",2150,2795,"OK"
"HAB-00002","Aceclofenac  100mg","Pain Relief & Anti-inflammatory",500,"Unit",72,94,"OK"
"HAB-00003","Aceclofenac Tab 100mg","Pain Relief & Anti-inflammatory",104,"Tablets",71,92,"OK"
"HAB-00004","Acepar 100mg +500mg 1x10","Pain Relief & Anti-inflammatory",3,"Unit",2400,3120,"LOW"
"HAB-00005","ACEPAR 100MG 500MG TABLETS 1X10","Pain Relief & Anti-inflammatory",5,"Tablets",2400,3120,"LOW"
"HAB-00006","ACEPAR 1*10","Pain Relief & Anti-inflammatory",-2,"Unit",2300,2990,"NEGATIVE"
"HAB-00007","Acepar 1x10","Pain Relief & Anti-inflammatory",-4,"Unit",2500,3250,"NEGATIVE"
"HAB-00008","ACEPAR CAPLETS","Pain Relief & Anti-inflammatory",10,"Tablets",240,312,"OK"
"HAB-00009","Aciclovir 10 Cr","Antibiotics",13,"Unit",1300,1690,"OK"
"HAB-00010","Aciclovir 10x10","Antibiotics",150,"Unit",79,103,"OK"
"HAB-00011","ACICLOVIR 200MG 10X10","Antibiotics",300,"Unit",78,101,"OK"
"HAB-00012","ACTION 2*50","Other",2312,"Unit",102,133,"OK"
"HAB-00013","Action 2x50","Other",-100,"Unit",103,135,"NEGATIVE"
"HAB-00014","ACTIZINE TBLETS 100 BLISTER","Antihistamines & Allergy",1040,"Unit",11,14,"OK"
"HAB-00015","ADHESIVE PLASTER ZINC OXIDE","Vitamins & Supplements",23,"Unit",3250,4225,"OK"
"HAB-00016","Adhesive Plaster Zinc Oxide 10cm","Vitamins & Supplements",30,"Unit",3250,4225,"OK"
"HAB-00017","ADHESIVE PLASTER ZINC OXIDE 2.5X4YDS(1)","Vitamins & Supplements",23,"Unit",1050,1365,"OK"
"HAB-00018","Adrenaline Inj.1g","Injectables",10,"Ampoule",650,845,"OK"
"HAB-00019","Adrenaline Injection BP Img/ml","Injectables",14,"Ampoule",717,932,"OK"
"HAB-00020","Ago Plus 480mg 10x10","Other",-88,"Unit",322,418,"NEGATIVE"
"HAB-00021","AGOPLUS CAPS","Other",-80,"Capsules",630,819,"NEGATIVE"
"HAB-00022","Agovit 60ml","Vitamins & Supplements",5,"Unit",1100,1430,"LOW"
"HAB-00023","Albendazole 400mg","Anthelmintics & Antiparasitics",-481,"Unit",320,416,"NEGATIVE"
"HAB-00024","Albendazole Suspension 200mg/5ml","Anthelmintics & Antiparasitics",7,"Bottle",860,1118,"LOW"
"HAB-00025","Alcid 160ml","Gastrointestinal",6,"Unit",4650,6045,"LOW"
"HAB-00026","ALCID SYRUP","Gastrointestinal",-2,"Bottle",4700,6110,"NEGATIVE"
"HAB-00027","Alwo-100 ( Albendazole) Susp 20ml","Anthelmintics & Antiparasitics",-45,"Bottle",836,1087,"NEGATIVE"
"HAB-00028","Alzole 1x2 Rene","Anthelmintics & Antiparasitics",-32,"Unit",263,342,"NEGATIVE"
"HAB-00029","AMINOPHYLINE 10x10","Other",99,"Unit",35,46,"OK"
"HAB-00030","Aminophylline Inj","Respiratory",-1,"Ampoule",1200,1560,"NEGATIVE"
"HAB-00031","AMINOPHYLLINE INJ.B.P 250/10ML","Respiratory",10,"Ampoule",1050,1365,"OK"
"HAB-00032","Amitriptylin 25mg 10x10","Other",100,"Unit",40,52,"OK"
"HAB-00033","Amlodac 10mg 3x10","Cardiovascular",-4,"Unit",11800,15340,"NEGATIVE"
"HAB-00034","AMLODAC 10MG 3X10 TABLETS","Cardiovascular",120,"Tablets",387,503,"OK"
"HAB-00035","Amlodac 5mg Tab 3x10","Cardiovascular",-150,"Tablets",190,247,"NEGATIVE"
"HAB-00036","Amlodac 5mg Tabs 3x10s","Cardiovascular",120,"Tablets",183,238,"OK"
"HAB-00037","AMLO DENK 5MG TABS 5X10'S","Other",70,"Tablets",480,624,"OK"
"HAB-00038","AMLODIPINE 10MG CADILLA","Cardiovascular",300,"Unit",370,481,"OK"
"HAB-00039","Amlodipine 5mg3x10","Cardiovascular",5900,"Unit",20,26,"OK"
"HAB-00040","Amloozar H","Cardiovascular",-12,"Unit",1467,1907,"NEGATIVE"
"HAB-00041","AMOKID-125MG TABLETS","Other",8080,"Tablets",46,60,"OK"
"HAB-00042","Amoxileb 250 10x10 Leben","Other",-231,"Unit",73,95,"NEGATIVE"
"HAB-00043","Amoxyl 100ml Z/c","Antibiotics",-11,"Unit",1400,1820,"NEGATIVE"
"HAB-00044","Amoxyl 10x10Zydus/c","Antibiotics",5354,"Unit",48,62,"OK"
"HAB-00045","Amoxyl 250mg 10x10 Rene","Antibiotics",1950,"Unit",44,57,"OK"
"HAB-00046","Amoxyl Caps 250mg Aa","Antibiotics",99,"Capsules",4300,5590,"OK"
"HAB-00047","AMOXYL CAPS Swift","Antibiotics",470,"Capsules",41,53,"OK"
"HAB-00048","AMOXYL CAPS SWT","Antibiotics",-2870,"Capsules",41,53,"NEGATIVE"
"HAB-00049","AMOXYL CPS","Antibiotics",60,"Unit",41,53,"OK"
"HAB-00050","Amoxyl Hipen Cap 10x10","Antibiotics",5,"Capsules",4443,5776,"LOW"
"HAB-00051","Amoxyl Syrup Z/c 100ml","Antibiotics",51,"Bottle",1330,1729,"OK"
"HAB-00052","AMOXYL TABS 250 ROYO 10X10","Antibiotics",10,"Tablets",7600,9880,"OK"
"HAB-00053","Ampicilin Cap 10x10","Other",1750,"Capsules",62,81,"OK"
"HAB-00054","Ampicilin Caps Usp 250mg","Other",320,"Capsules",63,82,"OK"
"HAB-00055","AMPICILLIN CAPS B.P 250","Antibiotics",20,"Capsules",64,83,"OK"
"HAB-00056","AMPICILLIN CAPSULES BP 250MG","Antibiotics",-460,"Capsules",64,83,"NEGATIVE"
"HAB-00057","Ampicilline Cap 10x10 Rene","Antibiotics",-120,"Capsules",65,84,"NEGATIVE"
"HAB-00058","Ampicilline Inj","Antibiotics",320,"Ampoule",688,895,"OK"
"HAB-00059","Ampiclox 100ml Dawa","Antibiotics",3,"Ampoule",2090,2717,"LOW"
"HAB-00060","Ampiclox Cap 10x10 N","Antibiotics",88,"Capsules",96,125,"OK"
"HAB-00061","Ampiclox Cap 10x10 Z","Antibiotics",1670,"Capsules",113,147,"OK"
"HAB-00062","AMPICLOX CAPS  2","Antibiotics",50,"Capsules",113,147,"OK"
"HAB-00063","Ampiclox Caps H","Antibiotics",3870,"Capsules",115,150,"OK"
"HAB-00064","AMPICLOX CAPS SWIFT","Antibiotics",-440,"Capsules",115,150,"NEGATIVE"
"HAB-00065","AMPICLOX CPS","Antibiotics",590,"Ampoule",115,150,"OK"
"HAB-00066","Ampiclox Injection","Antibiotics",180,"Ampoule",1050,1365,"OK"
"HAB-00067","Ampiclox Iv","Antibiotics",20,"Ampoule",1050,1365,"OK"
"HAB-00068","AMPICLOX SYRUP 1","Antibiotics",-14,"Bottle",2150,2795,"NEGATIVE"
"HAB-00069","Amrutanjan Dragon Balm 10ml","Other",24,"Unit",1400,1820,"OK"
"HAB-00070","Antagit 170ml Syp","Other",4,"Unit",3200,4160,"LOW"
"HAB-00071","ANTI- RABIES SWT","Other",7,"Unit",26200,34060,"LOW"
"HAB-00072","ANTI-RABIES VACCINE","Other",5,"Unit",29000,37700,"LOW"
"HAB-00073","Apflu 100ml Ajanta","Other",-6,"Unit",3547,4612,"NEGATIVE"
"HAB-00074","APFLU SYRUP","Other",13,"Bottle",3450,4485,"OK"
"HAB-00075","APIDONE SYRUP 1","Other",2,"Bottle",16000,20800,"LOW"
"HAB-00076","Apprinox 5mg Tablet","Other",-1,"Tablets",5620,7306,"NEGATIVE"
"HAB-00077","Aprazole Plus Powder 1x20","Other",-6,"Unit",7632,9922,"NEGATIVE"
"HAB-00078","Aprinox 5mg 10x10","Other",-721,"Unit",56,73,"NEGATIVE"
"HAB-00079","Aprinox Mg 10x10","Other",1000,"Unit",55,72,"OK"
"HAB-00080","ARTESUNATE 30MG","Antimalarials",10,"Unit",2700,3510,"OK"
"HAB-00081","Artesunate 320mg Injection(Royal)","Antimalarials",-6,"Ampoule",1450,1885,"NEGATIVE"
"HAB-00082","ARTESUNATE 60MG IN","Antimalarials",-6,"Unit",1470,1911,"NEGATIVE"
"HAB-00083","ARTESUNATE 60MG INJ.","Antimalarials",-24,"Ampoule",1450,1885,"NEGATIVE"
"HAB-00084","ARTESUNATE 60MG  INJ.2","Antimalarials",-1,"Ampoule",1400,1820,"NEGATIVE"
"HAB-00085","Artesunate 60mg Inj 320","Antimalarials",13,"Ampoule",1603,2084,"OK"
"HAB-00086","Artesunate 60mg Inj Z","Antimalarials",90,"Ampoule",1390,1807,"OK"
"HAB-00087","Artesunate 60ml Gsunate","Antimalarials",-34,"Unit",1580,2054,"NEGATIVE"
"HAB-00088","Artesunate Inj. 60mg 3","Antimalarials",223,"Ampoule",1500,1950,"OK"
"HAB-00089","Artesunate Inj 60mg  Swift","Antimalarials",-247,"Ampoule",1450,1885,"NEGATIVE"
"HAB-00090","Artesunate Injection 60mg Indart","Antimalarials",450,"Ampoule",1350,1755,"OK"
"HAB-00091","Artmether 80","Other",-49,"Unit",0,0,"NEGATIVE"
"HAB-00092","Artmether Inj 80mg","Injectables",-141,"Ampoule",442,575,"NEGATIVE"
"HAB-00093","ARTMETHER INJ. 80MG/ML","Injectables",126,"Ampoule",2160,2808,"OK"
"HAB-00094","Ascoril 100ml","Other",-1,"Unit",6037,7848,"NEGATIVE"
"HAB-00095","ASCORILL 100ML 1","Other",18,"Unit",6000,7800,"OK"
"HAB-00096","ASCORILL 100ML 2","Other",15,"Unit",6050,7865,"OK"
"HAB-00097","Ascorill 200ml","Other",6,"Unit",10315,13410,"LOW"
"HAB-00098","Asunate 60mg Inj.","Injectables",30,"Ampoule",1550,2015,"OK"
"HAB-00099","ASUNATE 60MG INJ. AB","Injectables",200,"Ampoule",1450,1885,"OK"
"HAB-00100","Atenlol 50mg","Other",-50,"Unit",28,36,"NEGATIVE"
"HAB-00101","Atenolol 50mg Z/c 1x30","Cardiovascular",3,"Unit",2800,3640,"LOW"
"HAB-00102","Aterise( Atenol 100mg) 10x10 Tabs","Other",100,"Tablets",37,48,"OK"
"HAB-00103","Atorvastatin 10mg 10x10","Cardiovascular",4,"Unit",5200,6760,"LOW"
"HAB-00104","ATORVASTATIN 20MG TAB ZIM","Cardiovascular",2,"Tablets",6000,7800,"LOW"
"HAB-00105","ATORVASTATIN 20MG TAB ZIN","Cardiovascular",1,"Tablets",6275,8158,"LOW"
"HAB-00106","ATORVASTATIN TAB 20MG","Cardiovascular",500,"Tablets",52,68,"OK"
"HAB-00107","Atropine Eye Drops","Injectables",5,"Bottle",6000,7800,"LOW"
"HAB-00108","Atropine Inj","Injectables",77,"Ampoule",800,1040,"OK"
"HAB-00109","Augementin 625mg Tablets 1x14","Other",4,"Tablets",48200,62660,"LOW"
"HAB-00110","Augmentin 228mg Syrup 70ml","Antibiotics",2,"Bottle",21500,27950,"LOW"
"HAB-00111","Avertiso  200mcg Tab 1x10 (Misoprostol)","Gastrointestinal",-40,"Tablets",620,806,"NEGATIVE"
"HAB-00112","AXYLIN 250MG SYRUP 100ML(L$A)","Other",30,"Bottle",2100,2730,"OK"
"HAB-00113","Azileb- 200 Suspensation 15ml","Other",1,"Bottle",1771,2302,"LOW"
"HAB-00114","Azileb 500mg","Other",-36,"Unit",1450,1885,"NEGATIVE"
"HAB-00115","AZIMAX-500MG 1","Other",-6,"Unit",1200,1560,"NEGATIVE"
"HAB-00116","Azimax( Azithro Tbs)","Other",5,"Unit",1200,1560,"LOW"
"HAB-00117","Aziren Tabs 1x3","Other",144,"Tablets",1200,1560,"OK"
"HAB-00118","Aziriv-200mg/5ml Syrup 15ml( East Africa)","Other",-8,"Bottle",1600,2080,"NEGATIVE"
"HAB-00119","Aziriv-500mg","Other",76,"Unit",1250,1625,"OK"
"HAB-00120","AZIRIV-500MG TABLETS 1X3 EAST AFRICA","Other",200,"Tablets",1250,1625,"OK"
"HAB-00121","Azithromycin 500mg Tabs Rene","Antibiotics",-61,"Tablets",460,598,"NEGATIVE"
"HAB-00122","AZITHRO TABS 500MG","Other",100,"Tablets",1250,1625,"OK"
"HAB-00123","Bactoclav 375","Other",1,"Unit",10300,13390,"LOW"
"HAB-00124","Bactoclav 375mg 2x10","Other",100,"Unit",525,683,"OK"
"HAB-00125","Bactoclav 625","Other",-5,"Unit",8400,10920,"NEGATIVE"
"HAB-00126","BACTOCLAV 625 2X10","Other",5,"Unit",10500,13650,"LOW"
"HAB-00127","Bactoclav Syp","Other",1,"Unit",7700,10010,"LOW"
"HAB-00128","Bactoclav Syrup Z","Other",10,"Bottle",7800,10140,"OK"
"HAB-00129","Bacttoclav 625  2x10 Micro","Other",80,"Unit",525,683,"OK"
"HAB-00130","BANDAGE P.O.P","Medical Supplies",3,"Unit",2300,2990,"LOW"
"HAB-00131","Bandange 5cm","Other",-21,"Unit",617,802,"NEGATIVE"
"HAB-00132","Bendroscot-5","Other",100,"Unit",56,73,"OK"
"HAB-00133","BENDURIC 5MG 10X10","Other",1300,"Unit",52,68,"OK"
"HAB-00134","Benduric 5 Mg(Cosmos)","Other",150,"Unit",56,73,"OK"
"HAB-00135","BENDURIC 5MG TABLETS 10X10(COSMOS)","Other",384,"Tablets",56,73,"OK"
"HAB-00136","BENDURIC TABS 10X10'(COSMOS)","Other",-280,"Tablets",60,78,"NEGATIVE"
"HAB-00137","Benzathine Inj 2.4 MEGA","Injectables",35,"Ampoule",1026,1334,"OK"
"HAB-00138","Benzilin 2.4mega Inj.(Holy-Coted)","Injectables",98,"Ampoule",1000,1300,"OK"
"HAB-00139","BENZOX 5 GEL","Other",10,"Tube",4000,5200,"OK"
"HAB-00140","BENZYL PENCILIN","Other",80,"Unit",290,377,"OK"
"HAB-00141","Betaderm 15g Cream","Other",8,"Tube",2550,3315,"LOW"
"HAB-00142","BETADERM CREAM 15G","Other",18,"Tube",2700,3510,"OK"
"HAB-00143","Betaderm N 15g New","Other",-10,"Unit",2700,3510,"NEGATIVE"
"HAB-00144","BETANASE 5MG","Other",450,"Unit",54,70,"OK"
"HAB-00145","Betanase 5mg 10x10","Other",-120,"Unit",54,70,"NEGATIVE"
"HAB-00146","Betasol 15g Cr","Other",10,"Unit",1100,1430,"OK"
"HAB-00147","BETASOL    15G CREAM","Other",20,"Tube",1100,1430,"OK"
"HAB-00148","Betasol 15gm Cream","Other",8,"Tube",1000,1300,"LOW"
"HAB-00149","Betnase 5mg Cadila","Other",1569,"Unit",54,70,"OK"
"HAB-00150","Bisacodyl 5mg","Gastrointestinal",-100,"Unit",14,18,"NEGATIVE"
"HAB-00151","BISACODYL TABS B.P.5MG","Gastrointestinal",270,"Tablets",28,36,"OK"
"HAB-00152","BISOPROL 5MG UK","Other",54,"Unit",200,260,"OK"
"HAB-00153","BISOPROLOL 10MG","Cardiovascular",56,"Unit",250,325,"OK"
"HAB-00154","Bisoprolol 5mg 3x10","Cardiovascular",-3,"Unit",14000,18200,"NEGATIVE"
"HAB-00155","BLOOD LANCETS","Other",1269,"Unit",33,43,"OK"
"HAB-00156","Blood Lancets 100's","Other",2,"Unit",3465,4504,"LOW"
"HAB-00157","Blood Lancets 100 New","Other",5,"Unit",3250,4225,"LOW"
"HAB-00158","Blood Lancets 100s","Other",8,"Unit",3100,4030,"LOW"
"HAB-00159","BONNISAN 120ML","Other",9,"Unit",8600,11180,"LOW"
"HAB-00160","B.P Machine Dial","Other",-1,"Unit",17000,22100,"NEGATIVE"
"HAB-00161","B.P Machine Digital","Other",1,"Unit",51000,66300,"LOW"
"HAB-00162","B.P Machine Z Automatic","Other",5,"Unit",49000,63700,"LOW"
"HAB-00163","Bro- Zedex 100ml","Other",5,"Unit",3800,4940,"LOW"
"HAB-00164","Brutaflaam 60 Etoricoxib","Pain Relief & Anti-inflammatory",1,"Unit",20000,26000,"LOW"
"HAB-00165","Brutaflam 120mg 3","Other",4,"Unit",34000,44200,"LOW"
"HAB-00166","Brutaflam 90 Etoricoxib","Pain Relief & Anti-inflammatory",3,"Unit",24000,31200,"LOW"
"HAB-00167","B-TONE","Other",50,"Unit",3800,4940,"OK"
"HAB-00168","Bupivacain 0.5% Inj","Injectables",12,"Ampoule",7800,10140,"OK"
"HAB-00169","BUPIVACAINE 0.5% LOCAL","Other",10,"Unit",7000,9100,"OK"
"HAB-00170","BURNCURE Cr.","Other",10,"Unit",1700,2210,"OK"
"HAB-00171","BURNCURE CREAM 15G","Other",20,"Tube",1450,1885,"OK"
"HAB-00172","Cadistin 60ml","Other",1,"Unit",2600,3380,"LOW"
"HAB-00173","CAF 100ML SYP","Other",30,"Unit",2850,3705,"OK"
"HAB-00174","Caf Caps","Other",1000,"Capsules",102,133,"OK"
"HAB-00175","Calamine Lotion 100ml 2","Dermatology",21,"Unit",1700,2210,"OK"
"HAB-00176","Calcium Lactate 10x10","Vitamins & Supplements",20,"Unit",54,70,"OK"
"HAB-00177","Calcium Lactate Tablets B.P 300mg","Vitamins & Supplements",520,"Tablets",29,38,"OK"
"HAB-00178","Camston Cream 20mgs","Other",328,"Tube",650,845,"OK"
"HAB-00179","CANDIDERM CREAM 15MG","Other",16,"Tube",4800,6240,"OK"
"HAB-00180","CANNULA BLUE I.V.","Medical Supplies",891,"Unit",390,507,"OK"
"HAB-00181","CANNULA G-16 GRAY","Medical Supplies",158,"Unit",380,494,"OK"
"HAB-00182","Cannula G-18 Green","Medical Supplies",100,"Unit",400,520,"OK"
"HAB-00183","Cannula G 22 Blue New","Medical Supplies",62,"Unit",351,456,"OK"
"HAB-00184","Cannula Pink","Medical Supplies",-1,"Unit",400,520,"NEGATIVE"
"HAB-00185","Cannula Pink 1","Medical Supplies",100,"Unit",400,520,"OK"
"HAB-00186","Cannula Yellow 24g","Medical Supplies",-69,"Unit",377,490,"NEGATIVE"
"HAB-00187","Cannula Yellow Z","Medical Supplies",195,"Unit",370,481,"OK"
"HAB-00188","Cannulla G-24 Yellow IMPT","Other",-759,"Unit",437,568,"NEGATIVE"
"HAB-00189","Captopril 25mg 10x10","Cardiovascular",170,"Capsules",118,153,"OK"
"HAB-00190","Captopril 25mg 10x10 Torrent","Cardiovascular",50,"Capsules",120,156,"OK"
"HAB-00191","CARBAMAZEPINE TABS","Antipsychotics & CNS",-500,"Tablets",94,122,"NEGATIVE"
"HAB-00192","Carbamazepine Tabs B.P 200mg","Antipsychotics & CNS",400,"Tablets",91,118,"OK"
"HAB-00193","Carbedac 200mg 10x10","Other",370,"Unit",100,130,"OK"
"HAB-00194","CARVIBERG 6.25 1x4","Antiretrovirals",30,"Unit",290,377,"OK"
"HAB-00195","Cathiter G 162way","Other",-10,"Unit",1500,1950,"NEGATIVE"
"HAB-00196","CATHITER G 162 WAY 2","Other",2,"Unit",1500,1950,"LOW"
"HAB-00197","Cathiter G 18","Other",-12,"Unit",1500,1950,"NEGATIVE"
"HAB-00198","CATHITER G 18 2","Other",2,"Unit",1500,1950,"LOW"
"HAB-00199","CEBAY 200DT","Other",1080,"Unit",70,91,"OK"
"HAB-00200","Cebay 200DT Cefixime","Antibiotics",5,"Unit",3800,4940,"LOW"
"HAB-00201","Cefalaxin 100ml","Other",2,"Unit",31950,41535,"LOW"
"HAB-00202","Cefalaxin 100ml Syp","Other",20,"Unit",2300,2990,"OK"
"HAB-00203","CEFALEXIN CAPSULES B.P.","Other",-70,"Capsules",98,127,"NEGATIVE"
"HAB-00204","Cefax Ig Injection","Injectables",48,"Ampoule",680,884,"OK"
"HAB-00205","Cefixime 10x10 Caps","Antibiotics",300,"Capsules",700,910,"OK"
"HAB-00206","CEFIXIME 200MG","Antibiotics",30,"Unit",350,455,"OK"
"HAB-00207","Cefixime 200mg DT Tab","Antibiotics",-5,"Tablets",360,468,"NEGATIVE"
"HAB-00208","Cefixime 400mg","Antibiotics",184,"Unit",697,906,"OK"
"HAB-00209","CEFIXIME 400MG TABS 10X10","Antibiotics",-87,"Tablets",710,923,"NEGATIVE"
"HAB-00210","CEFIXIME CAPS 400MG 10X10","Antibiotics",-30,"Capsules",690,897,"NEGATIVE"
"HAB-00211","Ceftraxone Cadilla","Other",37,"Unit",900,1170,"OK"
"HAB-00212","Ceftriaxone 1g Tata","Antibiotics",-244,"Unit",700,910,"NEGATIVE"
"HAB-00213","Ceftriaxone Cadilla Inj 1g","Antibiotics",-12,"Ampoule",906,1177,"NEGATIVE"
"HAB-00214","Ceftriaxone + Salbutamol","Antibiotics",-91,"Unit",2189,2846,"NEGATIVE"
"HAB-00215","CEFTRIAZONE 1G INJ.","Injectables",-19,"Ampoule",710,923,"NEGATIVE"
"HAB-00216","CELZA 500MG TABS 1X10S","Other",50,"Tablets",1100,1430,"OK"
"HAB-00217","Centacid 100ml","Other",13,"Unit",3200,4160,"OK"
"HAB-00218","Centipar Elixir","Other",2,"Unit",2150,2795,"LOW"
"HAB-00219","CEPHALEXIN 250MG 10X10 Z","Other",1400,"Unit",96,125,"OK"
"HAB-00220","CEPHALEXIN 250MG 10X10Z/C","Other",100,"Unit",98,127,"OK"
"HAB-00221","CETRAXONE 1G INJ","Injectables",979,"Ampoule",700,910,"OK"
"HAB-00222","Cetrezen Syrup","Other",9,"Bottle",1400,1820,"LOW"
"HAB-00223","Cetriaxone 1g Ing Tata","Other",-9,"Unit",800,1040,"NEGATIVE"
"HAB-00224","Cetrizine 10x10 Rene","Other",-410,"Unit",12,16,"NEGATIVE"
"HAB-00225","Cetrizine Syp","Other",6,"Unit",1500,1950,"LOW"
"HAB-00226","Cetrizine Tab 10x10","Other",-1050,"Tablets",13,17,"NEGATIVE"
"HAB-00227","CHARCOAL TAB 10*10","Other",-30,"Tablets",68,88,"NEGATIVE"
"HAB-00228","Charcoal Tab 10x10","Other",-15,"Tablets",115,150,"NEGATIVE"
"HAB-00229","Chlorampenicol 250mg","Other",50,"Ampoule",98,127,"OK"
"HAB-00230","Chloramphenical Inj.","Injectables",20,"Ampoule",1600,2080,"OK"
"HAB-00231","CHLORAMPHENICOL 10X10","Other",50,"Ampoule",102,133,"OK"
"HAB-00232","CHLORAMPHENICOL CAPSULES B.P 250MG","Other",150,"Capsules",99,129,"OK"
"HAB-00233","Chloramphenicol Eye Drops","Eye & ENT",10,"Ampoule",650,845,"OK"
"HAB-00234","Chloraphenicol Palmate Oral Suspension  125mg/5ml","Other",22,"Bottle",2800,3640,"OK"
"HAB-00235","Cimetidine Tabs","Gastrointestinal",100,"Tablets",69,90,"OK"
"HAB-00236","Cipro 500mg 10x10 Rene","Other",-42,"Unit",14668,19068,"NEGATIVE"
"HAB-00237","Cipro Eye Drop","Eye & ENT",10,"Bottle",3800,4940,"OK"
"HAB-00238","Cipro Iv","Other",119,"Unit",1067,1388,"OK"
"HAB-00239","CIPROL 500MG TABLETS","Other",1595,"Tablets",60,78,"OK"
"HAB-00240","Clarithromycin Tablets ACEM-500","Other",26,"Tablets",1150,1495,"OK"
"HAB-00241","Clavam 625mg 1x20 Abacus","Other",160,"Unit",465,605,"OK"
"HAB-00242","CLINDAMYCIN 300MG","Antibiotics",10,"Unit",900,1170,"OK"
"HAB-00243","Clomiphene 1x10","Hormones & Contraceptives",1,"Unit",8500,11050,"LOW"
"HAB-00244","Clomiphene 1x1o Z","Hormones & Contraceptives",5,"Unit",8200,10660,"LOW"
"HAB-00245","Clotrimaole Pessaries","Other",-14,"Unit",1292,1679,"NEGATIVE"
"HAB-00246","CLOTRIMAZOLE CREAM","Antifungals",-6,"Tube",650,845,"NEGATIVE"
"HAB-00247","CLOTRIMAZOLE CREAM 15G","Antifungals",23,"Tube",650,845,"OK"
"HAB-00248","Clotrimazole Pessaries 1x6","Antifungals",29,"Unit",1190,1547,"OK"
"HAB-00249","Clotrim Cream 1","Other",36,"Tube",668,868,"OK"
"HAB-00250","Cloxacilin 250mg Capsules 10x10","Other",-100,"Capsules",75,98,"NEGATIVE"
"HAB-00251","CLOXACILINE INJ.","Injectables",20,"Ampoule",650,845,"OK"
"HAB-00252","CLOXACILLIN CAPSULES B.P 250MG","Antibiotics",800,"Capsules",78,101,"OK"
"HAB-00253","Coldafex 50x4","Other",150,"Unit",110,143,"OK"
"HAB-00254","Coldease Cap 10x10","Other",170,"Capsules",112,146,"OK"
"HAB-00255","COLDEASE CAPS 10X10","Other",395,"Capsules",112,146,"OK"
"HAB-00256","Coldease Syrup 100ml","Other",15,"Bottle",3940,5122,"OK"
"HAB-00257","COMBIFEN","Other",100,"Unit",95,124,"OK"
"HAB-00258","Contuos Pead Drop 15ml Z","Other",20,"Bottle",4200,5460,"OK"
"HAB-00259","CONTUS PAEDIATRIC LINCTUS","Other",4497,"Unit",10,13,"OK"
"HAB-00260","Contus Pead Drop 15ml","Other",1,"Bottle",3800,4940,"LOW"
"HAB-00261","Contus Plain Syrup 50ml","Other",11,"Bottle",4600,5980,"OK"
"HAB-00262","Contus Plus Syrup 50ml","Other",7,"Bottle",4600,5980,"LOW"
"HAB-00263","Copugh Linctus 200ml Sev","Other",2,"Unit",1656,2152,"LOW"
"HAB-00264","Corbis 5mg 3*10 Unichem","Other",4,"Unit",14000,18200,"LOW"
"HAB-00265","CO-TRIMAZOLE ORAL SUSPENSION","Other",19,"Bottle",900,1170,"OK"
"HAB-00266","COTTON 500GMS","Medical Supplies",3,"Unit",6800,8840,"LOW"
"HAB-00267","Cotton Wool 100gram","Medical Supplies",12,"Unit",1700,2210,"OK"
"HAB-00268","COTTON WOOL 200 CAREX","Medical Supplies",-1,"Unit",3200,4160,"NEGATIVE"
"HAB-00269","COTTON WOOL 200GMS","Medical Supplies",5,"Unit",3450,4485,"LOW"
"HAB-00270","Cotton Wool 2oogm","Medical Supplies",7,"Unit",3100,4030,"LOW"
"HAB-00271","Cotton Wool 500","Medical Supplies",-1,"Unit",6800,8840,"NEGATIVE"
"HAB-00272","Cotton Wool 500g","Medical Supplies",3,"Unit",7300,9490,"LOW"
"HAB-00273","Cotton Wool 50gm Carex","Medical Supplies",-2,"Unit",1350,1755,"NEGATIVE"
"HAB-00274","Cough Linctus 1ltr","Respiratory",-3,"Unit",2273,2955,"NEGATIVE"
"HAB-00275","Cough Linctus 200ml Syrup (Sev)","Respiratory",15,"Bottle",1600,2080,"OK"
"HAB-00276","COUGH LINCTUS SYRUP","Respiratory",34,"Bottle",1450,1885,"OK"
"HAB-00277","CRAPE BANDAGE 7.5CM","Medical Supplies",10,"Unit",800,1040,"OK"
"HAB-00278","CREP BANDAGE 5CM","Medical Supplies",-30,"Unit",667,867,"NEGATIVE"
"HAB-00279","Crepe Bandage 5cm","Medical Supplies",45,"Unit",620,806,"OK"
"HAB-00280","CURAMOL PLUS TAB","Other",-32,"Tablets",102,133,"NEGATIVE"
"HAB-00281","Curamol Tab 50x2","Other",-69,"Tablets",101,132,"NEGATIVE"
"HAB-00282","CURAMOL TABLETS","Other",150,"Tablets",99,129,"OK"
"HAB-00283","CURAMOL TABS","Other",270,"Tablets",99,129,"OK"
"HAB-00284","CURAMOL TBS","Other",120,"Unit",99,129,"OK"
"HAB-00285","D5","Other",28,"Unit",1500,1950,"OK"
"HAB-00286","Dapzin 10mg","Other",60,"Unit",1287,1673,"OK"
"HAB-00287","DAPZIN-10MG 3X10","Other",60,"Unit",1300,1690,"OK"
"HAB-00288","D-Artepp","Other",-76,"Unit",5474,7116,"NEGATIVE"
"HAB-00289","DARTEPP 20/160","Other",21,"Unit",4600,5980,"OK"
"HAB-00290","D Artepp 20/160 Mg","Other",7,"Unit",4600,5980,"LOW"
"HAB-00291","Depin  E Retard 20m Tabs 10x10","Other",1000,"Tablets",29,38,"OK"
"HAB-00292","Derihaler Inhaler 100mg","Other",3,"Inhaler",5800,7540,"LOW"
"HAB-00293","DERIHALER INHALER 100MG SALBUTAMOL","Respiratory",5,"Inhaler",5600,7280,"LOW"
"HAB-00294","Dermolin Cream Gm","Other",17,"Tube",2650,3445,"OK"
"HAB-00295","Derm X","Other",8,"Unit",3500,4550,"LOW"
"HAB-00296","Dexagenta Eye Drop","Eye & ENT",5,"Bottle",6000,7800,"LOW"
"HAB-00297","Dexa Inj","Injectables",-7,"Ampoule",1316,1711,"NEGATIVE"
"HAB-00298","DEXA INJECTION","Injectables",17,"Ampoule",750,975,"OK"
"HAB-00299","DEXONA 0.5MG TABLETS 10X10(CADILA)","Other",42,"Tablets",1800,2340,"OK"
"HAB-00300","DEXONA 0.5MG TABS 10X10","Other",-8990,"Tablets",1730,2249,"NEGATIVE"
"HAB-00301","Dexona 10x10 Z/c","Other",-860,"Unit",19,24,"NEGATIVE"
"HAB-00302","Dexona Cadilla 0.5mg","Other",-108,"Unit",1825,2373,"NEGATIVE"
"HAB-00303","DEXONA EYE DROP 1","Eye & ENT",-5,"Bottle",1900,2470,"NEGATIVE"
"HAB-00304","DEXONA EYE-DROPS","Other",19,"Bottle",1900,2470,"OK"
"HAB-00305","Dexona Eye Drop Z/c","Eye & ENT",-13,"Bottle",2053,2669,"NEGATIVE"
"HAB-00306","Dexona Inj. Z","Injectables",96,"Ampoule",750,975,"OK"
"HAB-00307","Dexona Tab 10x10 Zydus","Other",-1394,"Tablets",18,23,"NEGATIVE"
"HAB-00308","DEXON INJ","Injectables",66,"Ampoule",781,1015,"OK"
"HAB-00309","Dextrose 5%","Injectables",-2,"Unit",1621,2108,"NEGATIVE"
"HAB-00310","Dextrose 5% R","Injectables",78,"Unit",1550,2015,"OK"
"HAB-00311","Dextrose 50%","Injectables",-5,"Unit",2900,3770,"NEGATIVE"
"HAB-00312","DEXTROSE 50% 100ML","Injectables",92,"Unit",2800,3640,"OK"
"HAB-00313","Diacol Plus 12.5mg/1000mg","Other",1,"Unit",47400,61620,"LOW"
"HAB-00314","Diapride Tablet 2mg 3x10","Other",2,"Tablets",24000,31200,"LOW"
"HAB-00315","DIAZEPAM 10X10","Antipsychotics & CNS",780,"Unit",43,56,"OK"
"HAB-00316","Diazepam Inj","Injectables",-45,"Ampoule",318,413,"NEGATIVE"
"HAB-00317","DIAZEPAM INJECTION","Injectables",152,"Ampoule",1100,1430,"OK"
"HAB-00318","DICLODAY GEL 30G","Other",7,"Tube",2100,2730,"LOW"
"HAB-00319","Dicloday Tube 30mg","Medical Supplies",51,"Tube",2050,2665,"OK"
"HAB-00320","Diclofena 10x10250 Rene","Other",-1060,"Unit",11,14,"NEGATIVE"
"HAB-00321","DICLOFENAC 10*10 250 RENE","Pain Relief & Anti-inflammatory",1088,"Unit",10,13,"OK"
"HAB-00322","Diclofenac 10x10 250","Pain Relief & Anti-inflammatory",-410,"Unit",11,14,"NEGATIVE"
"HAB-00323","DICLOFENAC 50MG TABS","Pain Relief & Anti-inflammatory",248,"Tablets",900,1170,"OK"
"HAB-00324","Diclofenac Gel","Pain Relief & Anti-inflammatory",-36,"Tube",1200,1560,"NEGATIVE"
"HAB-00325","Diclofenac Inj China","Pain Relief & Anti-inflammatory",1353,"Ampoule",133,173,"OK"
"HAB-00326","Diclofenac Injection Chaina 2","Pain Relief & Anti-inflammatory",2013,"Ampoule",140,182,"OK"
"HAB-00327","Diclofenac Sodium 25mg Injection","Pain Relief & Anti-inflammatory",-130,"Ampoule",146,190,"NEGATIVE"
"HAB-00328","DICLOFENAC SODIUM SUPPOSITORIES","Pain Relief & Anti-inflammatory",75,"Unit",680,884,"OK"
"HAB-00329","Diclofenac Tab 10*10","Pain Relief & Anti-inflammatory",-15,"Tablets",1060,1378,"NEGATIVE"
"HAB-00330","Diclo Gel 20g","Other",53,"Tube",750,975,"OK"
"HAB-00331","Diclo Supp 100mg 1x5","Other",-47,"Unit",567,737,"NEGATIVE"
"HAB-00332","DICLO SUPPOSITORIES","Other",95,"Unit",640,832,"OK"
"HAB-00333","DICLO SUPPOSITORIES(VOREN) 50MG","Other",30,"Unit",680,884,"OK"
"HAB-00334","Digital Thermometer","Medical Supplies",3,"Unit",4300,5590,"LOW"
"HAB-00335","Digital Thermometer Z","Medical Supplies",9,"Unit",4500,5850,"LOW"
"HAB-00336","Digoxin 0.25mg","Cardiovascular",200,"Unit",68,88,"OK"
"HAB-00337","DIS. SYRINGES 2ML","Medical Supplies",2000,"Bottle",125,163,"OK"
"HAB-00338","Dou-Cotexin 1x8","Other",27,"Unit",1178,1531,"OK"
"HAB-00339","Doverin 40","Other",300,"Unit",248,322,"OK"
"HAB-00340","Doxlyeb 10x10","Other",-1684,"Unit",15,20,"NEGATIVE"
"HAB-00341","Doxyleb 10x10","Other",75,"Unit",4526,5884,"OK"
"HAB-00342","DRAGON LIQUID BALM","Other",-1,"Unit",3300,4290,"NEGATIVE"
"HAB-00343","Dragon Liquid Balm 10ml","Other",3,"Unit",3250,4225,"LOW"
"HAB-00344","DRAGON LIQUID BALM 2","Other",13,"Unit",3200,4160,"OK"
"HAB-00345","Dragon Solid Bam","Other",77,"Unit",1300,1690,"OK"
"HAB-00346","DREZ OINTMENT","Other",9,"Tube",4500,5850,"LOW"
"HAB-00347","Drez Powder 10g","Other",9,"Unit",5600,7280,"LOW"
"HAB-00348","DUO-COTECXIN","Other",5,"Unit",10700,13910,"LOW"
"HAB-00349","DUO- COTEXIN 1X8","Other",-4,"Unit",10700,13910,"NEGATIVE"
"HAB-00350","Dynapar 10x10","Other",-221,"Unit",95,124,"NEGATIVE"
"HAB-00351","Dynapar Aq 1ml Inj","Injectables",35,"Ampoule",1210,1573,"OK"
"HAB-00352","DYNAPER TABS","Other",590,"Tablets",99,129,"OK"
"HAB-00353","Ecorin -75","Other",480,"Unit",96,125,"OK"
"HAB-00354","ECORIN-75  1","Other",200,"Unit",96,125,"OK"
"HAB-00355","ENALAPRIL MALEATE TABS 10MG","Cardiovascular",500,"Tablets",320,416,"OK"
"HAB-00356","ENAPRIL 10MG NTAS 10X10","Other",100,"Unit",345,449,"OK"
"HAB-00357","Eno 1x48 Gsk","Other",-26,"Unit",469,609,"NEGATIVE"
"HAB-00358","Epicephin 1g","Other",-11,"Unit",10729,13947,"NEGATIVE"
"HAB-00359","EPICEPHIN 2G","Other",15,"Unit",17300,22490,"OK"
"HAB-00360","Epicephine 2g","Other",15,"Unit",17300,22490,"OK"
"HAB-00361","ERYMYCIN TABLETS 100 BLISTER","Other",14490,"Tablets",115,150,"OK"
"HAB-00362","Erythromycin 100ml Liguid","Antibiotics",11,"Unit",2781,3616,"OK"
"HAB-00363","Erythromycin 10x10 Kpi","Antibiotics",-813,"Unit",143,186,"NEGATIVE"
"HAB-00364","ERYTHROMYCIN LIQUID 100ML","Antibiotics",1,"Unit",2750,3575,"LOW"
"HAB-00365","ERYTHROMYCIN SYRUP LIQUID","Antibiotics",-5,"Bottle",2650,3445,"NEGATIVE"
"HAB-00366","Erythromycin Tablets B.P 250mg","Antibiotics",355,"Tablets",133,173,"OK"
"HAB-00367","ERYTHROMYCIN TABS KPI","Antibiotics",-794,"Tablets",142,185,"NEGATIVE"
"HAB-00368","ERYTHRO SYRUP LIQUID","Other",9,"Bottle",2750,3575,"LOW"
"HAB-00369","ERYTHRO TABS","Other",930,"Tablets",133,173,"OK"
"HAB-00370","ESOFAG-D","Other",150,"Unit",733,953,"OK"
"HAB-00371","Esofag Kit 7x1","Other",1,"Unit",24500,31850,"LOW"
"HAB-00372","Esomeprazole 20mg 10x10","Gastrointestinal",-30,"Unit",140,182,"NEGATIVE"
"HAB-00373","ESOMEPRAZOLE TABS 40MG","Gastrointestinal",-157,"Tablets",225,293,"NEGATIVE"
"HAB-00374","ESORIV 20MG","Other",100,"Unit",124,161,"OK"
"HAB-00375","Esoriv 40mg Capsule 10x10(East African)","Other",320,"Capsules",215,280,"OK"
"HAB-00376","Euglin 2mg 10x10","Other",200,"Unit",260,338,"OK"
"HAB-00377","EXAMINATION GLOVES 1","Medical Supplies",-1,"Unit",10000,13000,"NEGATIVE"
"HAB-00378","EXAMINATION GLOVES 3","Medical Supplies",5,"Unit",10000,13000,"LOW"
"HAB-00379","EXAMINATION GLOVES LEBON","Medical Supplies",-1,"Unit",12200,15860,"NEGATIVE"
"HAB-00380","Examination Gloves M","Medical Supplies",-55,"Unit",13500,17550,"NEGATIVE"
"HAB-00381","EXAMINATION GLOVES MEDIUM","Medical Supplies",-1,"Unit",12200,15860,"NEGATIVE"
"HAB-00382","EXAMINATION GLOVES PKT","Medical Supplies",8,"Packet",10000,13000,"LOW"
"HAB-00383","Examination Gloves  R","Medical Supplies",70,"Unit",123,160,"OK"
"HAB-00384","EXAMINATION GLOVES (R) NEW","Medical Supplies",-1,"Unit",12232,15902,"NEGATIVE"
"HAB-00385","Face Mask","Medical Supplies",-50,"Unit",220,286,"NEGATIVE"
"HAB-00386","FACE MASK 2","Medical Supplies",300,"Unit",125,163,"OK"
"HAB-00387","FACE MASK BLACK","Medical Supplies",300,"Unit",125,163,"OK"
"HAB-00388","Face Mask White","Medical Supplies",3,"Unit",4500,5850,"LOW"
"HAB-00389","FASIDER DOZ","Other",86,"Unit",980,1274,"OK"
"HAB-00390","Fensupp Supp 100mg 2x5's","Other",520,"Unit",50,65,"OK"
"HAB-00391","Ferous Sulphate 10x10","Other",110,"Unit",27,35,"OK"
"HAB-00392","FERROUS SULPHATE 200MG","Vitamins & Supplements",-100,"Unit",25,33,"NEGATIVE"
"HAB-00393","Ferrous Sulphate 200mg Tablets","Vitamins & Supplements",100,"Tablets",24,31,"OK"
"HAB-00394","FLEXILOR MR  10X10","Other",496,"Unit",285,371,"OK"
"HAB-00395","FLEXILOR SR 10X10","Other",200,"Unit",520,676,"OK"
"HAB-00396","FLEXILOR Sr Tabs","Other",100,"Tablets",430,559,"OK"
"HAB-00397","FLUCAMOX 500MG","Other",15,"Unit",18000,23400,"OK"
"HAB-00398","Flucamox 500mg 1x16","Other",4,"Unit",20327,26425,"LOW"
"HAB-00399","FLUCAMOX CAPS","Other",-36,"Capsules",1150,1495,"NEGATIVE"
"HAB-00400","FLUCAMOX INJ.(EGYPT)","Injectables",1,"Ampoule",11900,15470,"LOW"
"HAB-00401","Flucamox Syrup 80ml","Other",5,"Bottle",15500,20150,"LOW"
"HAB-00402","FLUCANAZOLE CAP KPI","Other",4,"Capsules",200,260,"LOW"
"HAB-00403","FLUCANAZOLE CAPS","Other",170,"Capsules",190,247,"OK"
"HAB-00404","Flucap 10x10","Other",-100,"Capsules",130,169,"NEGATIVE"
"HAB-00405","Flucap 10x10kpi","Other",367,"Capsules",114,148,"OK"
"HAB-00406","FLUCAP CAPS KPI","Other",19530,"Capsules",105,137,"OK"
"HAB-00407","FLUCAP CAPSULES 100 BLISTER","Other",-150,"Capsules",105,137,"NEGATIVE"
"HAB-00408","FLUCAP NEW 10X10","Other",17,"Capsules",10148,13193,"OK"
"HAB-00409","Fluconazole Cap Kpi","Antifungals",-150,"Capsules",230,299,"NEGATIVE"
"HAB-00410","FLUCONAZOLE CAPS 200MG 1X20","Antifungals",5,"Capsules",3700,4810,"LOW"
"HAB-00411","FLUEFED TABLETS 100 BLISTERS","Other",14310,"Tablets",85,111,"OK"
"HAB-00412","Flu Fed 10x10","Other",-350,"Unit",85,110,"NEGATIVE"
"HAB-00413","FLUFED 10X10 New","Other",39,"Unit",8385,10900,"OK"
"HAB-00414","Flurid Tablet 50x4","Other",138,"Tablets",57,74,"OK"
"HAB-00415","FLUTICASONE PROPIONATE","Respiratory",2,"Unit",18400,23920,"LOW"
"HAB-00416","FOLEY BALLON CATHETER FR 24","Medical Supplies",10,"Unit",1600,2080,"OK"
"HAB-00417","FOLIC ACID","Vitamins & Supplements",500,"Unit",12,16,"OK"
"HAB-00418","Folic Acid 10x10","Vitamins & Supplements",375,"Unit",125,163,"OK"
"HAB-00419","Formin10x10 500ml","Other",970,"Unit",34,44,"OK"
"HAB-00420","Formin 10x10kpi","Other",20,"Unit",2600,3380,"OK"
"HAB-00421","FORMIN 500MG 10X10","Other",1700,"Unit",31,40,"OK"
"HAB-00422","FORMINIDE INHALER 6/200MG","Other",3,"Inhaler",33300,43290,"LOW"
"HAB-00423","Formonide200 Inhaler","Other",1,"Inhaler",35000,45500,"LOW"
"HAB-00424","Frusemide 40mg Tablets 10x10 (Africure)","Other",260,"Tablets",23,30,"OK"
"HAB-00425","Fulvin 500mg  Tabs 10x10s","Other",-70,"Tablets",218,283,"NEGATIVE"
"HAB-00426","Funbact-A","Other",12,"Unit",3000,3900,"OK"
"HAB-00427","FUROSEMIDE 10MG INJECTION 1","Cardiovascular",20,"Ampoule",450,585,"OK"
"HAB-00428","FUROSEMIDE TABLETS BP 40MG","Cardiovascular",100,"Tablets",27,35,"OK"
"HAB-00429","GAUZE 90CMX90CM","Medical Supplies",4,"Unit",16500,21450,"LOW"
"HAB-00430","Gauze Bandage 15cm","Medical Supplies",6,"Unit",300,390,"LOW"
"HAB-00431","GAUZE BANDAGE 1KG","Medical Supplies",2,"Unit",29000,37700,"LOW"
"HAB-00432","GAUZE BANDAGE 1KG 1","Medical Supplies",5,"Unit",29000,37700,"LOW"
"HAB-00433","Gauze Bandage 90cm x 100YDS","Medical Supplies",-3,"Unit",28800,37440,"NEGATIVE"
"HAB-00434","Gauze Roll 1kg Big","Medical Supplies",-1,"Roll",29500,38350,"NEGATIVE"
"HAB-00435","Gaviscon Liquid 200ml","Gastrointestinal",3,"Unit",19500,25350,"LOW"
"HAB-00436","G Cetria Cetrixone Inj 1gm","Injectables",42,"Ampoule",2300,2990,"OK"
"HAB-00437","GENTA EYE DROP","Eye & ENT",-7,"Bottle",550,715,"NEGATIVE"
"HAB-00438","GENTA EYE DROP 1","Eye & ENT",42,"Bottle",550,715,"OK"
"HAB-00439","Gentamicine 5ml","Antibiotics",17,"Unit",800,1040,"OK"
"HAB-00440","GENTAMYCIN","Other",143,"Unit",250,325,"OK"
"HAB-00441","Gentamycin Eye and Ear Drop","Eye & ENT",-14,"Bottle",600,780,"NEGATIVE"
"HAB-00442","GENTAMYCIN EYE AND EAR DROP 1","Eye & ENT",16,"Bottle",620,806,"OK"
"HAB-00443","Gentamycin Eye & Ear Drop","Eye & ENT",-25,"Bottle",723,940,"NEGATIVE"
"HAB-00444","Gentamycin Inj N","Injectables",1569,"Ampoule",232,302,"OK"
"HAB-00445","Ginsomin 3x10","Other",1,"Unit",32500,42250,"LOW"
"HAB-00446","Giving Set","Other",337,"Unit",326,424,"OK"
"HAB-00447","GLIBECNLAMIDE 10X10 TAB AGOG","Other",-200,"Tablets",17,22,"NEGATIVE"
"HAB-00448","Glutamine Tabs","Other",30,"Tablets",290,377,"OK"
"HAB-00449","Gofen 400mg","Other",80,"Unit",453,588,"OK"
"HAB-00450","GOFEN CAPS 400","Other",60,"Capsules",590,767,"OK"
"HAB-00451","Go Gel","Other",5,"Tube",2300,2990,"LOW"
"HAB-00452","GO GEL 2","Other",10,"Tube",2300,2990,"OK"
"HAB-00453","Good Morning Syrup","Other",-1,"Bottle",3000,3900,"NEGATIVE"
"HAB-00454","GRIPE WATER( REFRESH HERBAL)","Other",14,"Unit",1650,2145,"OK"
"HAB-00455","Griso","Other",-195,"Unit",217,282,"NEGATIVE"
"HAB-00456","Griso( Griseben 500mg) 10x10 Fulvin","Other",10,"Unit",216,281,"OK"
"HAB-00457","Grovit 3x10 Usv","Other",22,"Unit",7500,9750,"OK"
"HAB-00458","GROVIT TABLETS","Other",10,"Tablets",260,338,"OK"
"HAB-00459","GROVIT TABS","Other",175,"Tablets",255,332,"OK"
"HAB-00460","GROVIT TABS 3X10 1","Other",150,"Tablets",260,338,"OK"
"HAB-00461","GROVIT TBS","Other",20,"Unit",255,332,"OK"
"HAB-00462","GROVT MULTIVITAMIN TABS 3X10'S","Vitamins & Supplements",50,"Tablets",253,329,"OK"
"HAB-00463","G.V Paint","Other",-26,"Unit",1600,2080,"NEGATIVE"
"HAB-00464","G.V PAINT 1","Other",18,"Unit",1450,1885,"OK"
"HAB-00465","GYNANFORT PESS","Other",200,"Unit",760,988,"OK"
"HAB-00466","GYNANFORT PESSARIES 10'S","Other",5,"Unit",7600,9880,"LOW"
"HAB-00467","Haemo Forte  200ml","Other",-17,"Unit",6700,8710,"NEGATIVE"
"HAB-00468","Haemoforte Syrup 2","Other",6,"Bottle",7700,10010,"LOW"
"HAB-00469","HAEMOFORTE SYRUP 90ML","Other",7,"Bottle",3850,5005,"LOW"
"HAB-00470","HALOPAC 5MG 10X10","Other",300,"Unit",240,312,"OK"
"HAB-00471","HANDSANITISER 1 LTR","Other",2,"Unit",14000,18200,"LOW"
"HAB-00472","H.C.G","Other",2729,"Unit",135,176,"OK"
"HAB-00473","H.C.G    IMPT","Other",432,"Unit",140,182,"OK"
"HAB-00474","H.C.G TTk","Other",-5,"Unit",150,195,"NEGATIVE"
"HAB-00475","HEADAID","Other",20,"Unit",78,101,"OK"
"HAB-00476","Headaid 10x10","Other",-52,"Unit",80,104,"NEGATIVE"
"HAB-00477","Headaid 10x10 1","Other",5,"Unit",7800,10140,"LOW"
"HAB-00478","Heamoforte 90ml","Other",2,"Unit",26384,34299,"LOW"
"HAB-00479","Hedex 10x10 Gsk","Other",-152,"Unit",2,2,"NEGATIVE"
"HAB-00480","Hiv Test Kit","Other",128,"Unit",850,1105,"OK"
"HAB-00481","Hiv Test Strip New","Other",-25,"Unit",1000,1300,"NEGATIVE"
"HAB-00482","Hiv Test Strips","Other",-205,"Unit",950,1235,"NEGATIVE"
"HAB-00483","H.PYLORI ANTIBODY","Other",-33,"Unit",1000,1300,"NEGATIVE"
"HAB-00484","H.Pylori Strips 1x50","Other",-3,"Unit",992,1289,"NEGATIVE"
"HAB-00485","HYCORT CREAM 15GMS","Other",400,"Tube",1000,1300,"OK"
"HAB-00486","Hydrocortisone Cream","Dermatology",5,"Tube",1100,1430,"LOW"
"HAB-00487","HYDROCORTISONE CREAM 1","Dermatology",14,"Tube",1060,1378,"OK"
"HAB-00488","HYDROCORTISONE INJ. 1","Dermatology",2,"Ampoule",850,1105,"LOW"
"HAB-00489","Hydrocortisone Inj. C","Dermatology",80,"Ampoule",850,1105,"OK"
"HAB-00490","Hydrocortisone Inj. Z","Dermatology",60,"Ampoule",870,1131,"OK"
"HAB-00491","Hydro Cream","Other",10,"Tube",1300,1690,"OK"
"HAB-00492","Hydrogen Peroxide 100ml","Other",6,"Unit",1342,1745,"LOW"
"HAB-00493","HYDROGEN PEROXIDE 200ML","Other",1,"Unit",1300,1690,"LOW"
"HAB-00494","Hydrogen Peroxide 200mls","Other",19,"Unit",1300,1690,"OK"
"HAB-00495","Hyrocortisone Inj N","Injectables",-10,"Ampoule",900,1170,"NEGATIVE"
"HAB-00496","IBUPAR TAB 10X10","Other",40,"Tablets",525,683,"OK"
"HAB-00497","IBUPARTABLETS 10X10","Other",5,"Tablets",11500,14950,"LOW"
"HAB-00498","Ibuprofen Kpi New","Pain Relief & Anti-inflammatory",14,"Unit",1866,2426,"OK"
"HAB-00499","Ibuprofen Tab 10x10","Pain Relief & Anti-inflammatory",-31,"Tablets",1925,2503,"NEGATIVE"
"HAB-00500","Ibuprofine Kpi 10x10","Other",-610,"Unit",21,27,"NEGATIVE"
"HAB-00501","Ibuprofine Syp 60ml","Other",4,"Unit",1060,1378,"LOW"
"HAB-00502","IBUROFEN 200 TABS NEW","Other",-3800,"Tablets",16,21,"NEGATIVE"
"HAB-00503","IBUROFEN SYRUP","Other",4,"Bottle",900,1170,"LOW"
"HAB-00504","IBUROFEN TABS 2","Other",-350,"Tablets",18,23,"NEGATIVE"
"HAB-00505","IBUROFEN TABS IBUR","Other",1310,"Tablets",18,23,"OK"
"HAB-00506","I Free 72","Other",10,"Unit",1200,1560,"OK"
"HAB-00507","Immodium Cap 10x10","Other",4,"Capsules",2500,3250,"LOW"
"HAB-00508","Indisim 25mg Cpsules 10x10 Africure","Other",33,"Unit",2820,3666,"OK"
"HAB-00509","Indocid 10x10","Other",-20,"Unit",30,39,"NEGATIVE"
"HAB-00510","Indocid 10x10 2","Other",459,"Unit",25,33,"OK"
"HAB-00511","Infusion Set","Other",500,"Unit",600,780,"OK"
"HAB-00512","Insulin Mixtard 2","Diabetes",10,"Unit",23500,30550,"OK"
"HAB-00513","Iodine Ointment","Other",18,"Tube",1450,1885,"OK"
"HAB-00514","Iodine Tincture 22ml","Other",-12,"Unit",1407,1829,"NEGATIVE"
"HAB-00515","IV CANNULA 24G","Medical Supplies",1000,"Unit",400,520,"OK"
"HAB-00516","I V Set","Other",50,"Unit",350,455,"OK"
"HAB-00517","Jenacid","Other",2,"Unit",5500,7150,"LOW"
"HAB-00518","JENACOF Ds 200ml 3","Other",7,"Unit",4600,5980,"LOW"
"HAB-00519","Jena Dent","Other",30,"Unit",3000,3900,"OK"
"HAB-00520","Jena DM","Other",2,"Unit",10000,13000,"LOW"
"HAB-00521","Jena Fit","Other",2,"Unit",15000,19500,"LOW"
"HAB-00522","Jenaflu 200ml","Other",4,"Unit",4700,6110,"LOW"
"HAB-00523","Jena HT","Other",2,"Unit",10000,13000,"LOW"
"HAB-00524","Jena Malaria","Other",2,"Unit",10000,13000,"LOW"
"HAB-00525","Jena Power","Other",2,"Unit",10000,13000,"LOW"
"HAB-00526","Jenaproof","Other",2,"Unit",10000,13000,"LOW"
"HAB-00527","KABUTI","Other",-6,"Unit",2930,3809,"NEGATIVE"
"HAB-00528","KABUTI COUGH SYRUP 100ML","Respiratory",28,"Bottle",2900,3770,"OK"
"HAB-00529","KABUTI HERBAL COUGH SYRUP","Respiratory",8,"Bottle",2800,3640,"LOW"
"HAB-00530","KABUTI SYRUO","Other",-12,"Bottle",2800,3640,"NEGATIVE"
"HAB-00531","Kabuuti 100ml","Other",-6,"Unit",7369,9580,"NEGATIVE"
"HAB-00532","Kamadol 10x10","Other",-150,"Unit",14,18,"NEGATIVE"
"HAB-00533","Kamadol Plus Tablet","Other",4,"Tablets",5375,6988,"LOW"
"HAB-00534","KAMADOL PLUS TABLETS","Other",-500,"Tablets",54,70,"NEGATIVE"
"HAB-00535","Kamadol Tab 10x10 Kpi New","Other",-27,"Tablets",1392,1809,"NEGATIVE"
"HAB-00536","KAMADOL TABLETS 1000'S","Other",65,"Tablets",12800,16640,"OK"
"HAB-00537","Kamadol Tablets 100 1","Other",51400,"Tablets",1325,1723,"OK"
"HAB-00538","KAMADOL TABLETS 100 BLISTER","Other",-6100,"Tablets",10,13,"NEGATIVE"
"HAB-00539","Kamadol Tablets 100 Blister 2","Other",23300,"Tablets",13,17,"OK"
"HAB-00540","KAM BENDAZOLE TABLETS 100 BLISTER","Other",31989,"Tablets",18,23,"OK"
"HAB-00541","KAM COTRI TABLETS 100 BLISTER","Other",23250,"Tablets",35,46,"OK"
"HAB-00542","KAMODIUM","Other",100,"Unit",22,29,"OK"
"HAB-00543","Kamodium 10x10 Rene","Other",-350,"Unit",22,29,"NEGATIVE"
"HAB-00544","KAMODIUM (LOPERAMIDE) CPS","Gastrointestinal",40,"Unit",22,29,"OK"
"HAB-00545","Kamodium Tablet10x10","Other",15,"Tablets",2200,2860,"OK"
"HAB-00546","KAM PEN-V TABLETS 100","Other",2509,"Tablets",60,78,"OK"
"HAB-00547","KAM PREDSOL TABLETS 100","Other",11650,"Tablets",16,21,"OK"
"HAB-00548","Kam Predsol Tablets 100 2","Other",35000,"Tablets",16,21,"OK"
"HAB-00549","Kamsidar  10x10","Other",70,"Unit",270,351,"OK"
"HAB-00550","KAM VENT TABLETS 100","Other",35000,"Tablets",10,12,"OK"
"HAB-00551","KETAMINE","Other",5,"Unit",5800,7540,"LOW"
"HAB-00552","KETOCONAZOLE CREAM","Antifungals",33,"Tube",1757,2284,"OK"
"HAB-00553","KEVLON 100ML","Other",16,"Unit",2100,2730,"OK"
"HAB-00554","KEVON 100ML","Other",20,"Unit",0,0,"OK"
"HAB-00555","Kiss","Other",-7,"Unit",16000,20800,"NEGATIVE"
"HAB-00556","Koflin 1 Lit New","Other",1,"Unit",4400,5720,"LOW"
"HAB-00557","K-Y JELLY 50G","Other",4,"Unit",4200,5460,"LOW"
"HAB-00558","Lactose 120ml","Other",5,"Unit",7200,9360,"LOW"
"HAB-00559","Lanpro 30mg 10x10","Other",382,"Unit",292,380,"OK"
"HAB-00560","LANPRO CAPS 30MG 5X2X10","Other",-16,"Capsules",290,377,"NEGATIVE"
"HAB-00561","Lansoprazole 30mg Lanpro","Gastrointestinal",280,"Unit",289,376,"OK"
"HAB-00562","LANSPRAZOLE(LANPRO)","Other",100,"Unit",290,377,"OK"
"HAB-00563","Lartem 1x24","Other",4793,"Unit",56,73,"OK"
"HAB-00564","LARTEM 20/120 TAB 1X24","Other",535,"Tablets",1250,1625,"OK"
"HAB-00565","Lartem 20/120 Tab 1x24 Z","Other",30,"Tablets",1417,1842,"OK"
"HAB-00566","Lartem A/L TAB 1X24","Other",-3,"Tablets",7105,9237,"NEGATIVE"
"HAB-00567","LARTERM 20/120 TAB 1X24","Other",-95,"Tablets",1300,1690,"NEGATIVE"
"HAB-00568","LARTERM 20/120 TAB 1X24S","Other",504,"Tablets",1250,1625,"OK"
"HAB-00569","LARTERM NEW","Other",-178,"Unit",1250,1625,"NEGATIVE"
"HAB-00570","Larterm Z","Other",271,"Unit",1250,1625,"OK"
"HAB-00571","Lartrm","Other",-19,"Unit",1516,1971,"NEGATIVE"
"HAB-00572","Levamisole (Agotrax)","Anthelmintics & Antiparasitics",2,"Unit",4600,5980,"LOW"
"HAB-00573","LEVAMISOLE SYRUP","Anthelmintics & Antiparasitics",16,"Bottle",2000,2600,"OK"
"HAB-00574","LEVOBACT 500MG 10'S","Other",2445,"Unit",41,53,"OK"
"HAB-00575","Levobact 500mg 1x10","Other",-20,"Unit",4017,5222,"NEGATIVE"
"HAB-00576","Levobact 750MG 1x10","Other",52,"Unit",2600,3380,"OK"
"HAB-00577","LEVOBACT 750MG 1X10 TABS","Other",100,"Tablets",2600,3380,"OK"
"HAB-00578","LEVOBACT TABLETS 500MG 1X10(LEVOFLOXACIN)","Antibiotics",10,"Tablets",410,533,"OK"
"HAB-00579","LEVOBACT TABLETS  500MG 1X10[LEVOFLOXACIN]","Antibiotics",1,"Tablets",4000,5200,"LOW"
"HAB-00580","LEVOBACT TABS 500MG 1X10 LEVOFLOXACIN","Antibiotics",11,"Tablets",4050,5265,"OK"
"HAB-00581","Levocetirizine 5mg 10x10","Antihistamines & Allergy",2,"Unit",8800,11440,"LOW"
"HAB-00582","Levocetrizine 5mg 10x10","Other",45,"Unit",85,111,"OK"
"HAB-00583","LEVOFLOXACIN IV 100ml","Antibiotics",21,"Unit",6067,7887,"OK"
"HAB-00584","Levosun","Other",7,"Unit",2136,2777,"LOW"
"HAB-00585","Lidocaine 2% Injection 30ml","Injectables",-11,"Ampoule",1300,1690,"NEGATIVE"
"HAB-00586","LIDOCAINE INJ","Injectables",41,"Ampoule",1300,1690,"OK"
"HAB-00587","Ligaba 75mg 3x10","Other",-20,"Unit",1000,1300,"NEGATIVE"
"HAB-00588","LIGABA 75MG CAPS 3X10","Other",15,"Capsules",1067,1387,"OK"
"HAB-00589","LIMZER CAPSULES 3X10","Other",1,"Capsules",24500,31850,"LOW"
"HAB-00590","Limzer Capsules 3x10 Royo","Other",30,"Capsules",793,1031,"OK"
"HAB-00591","Liniment 1000ml","Other",4,"Unit",1850,2405,"LOW"
"HAB-00592","LINIMENT SW","Other",19,"Unit",1700,2210,"OK"
"HAB-00593","LIQUID SOAP","Other",8,"Unit",8000,10400,"LOW"
"HAB-00594","LIVOLIN CAPS","Other",90,"Capsules",934,1215,"OK"
"HAB-00595","Livolin Forte Tab 3x10","Other",12,"Tablets",920,1196,"OK"
"HAB-00596","Local Gauze","Medical Supplies",10,"Unit",800,1040,"OK"
"HAB-00597","Lofnac Gel 20gm","Other",9,"Tube",1600,2080,"LOW"
"HAB-00598","Lonart 1x24","Antimalarials",-24,"Unit",84,109,"NEGATIVE"
"HAB-00599","LONART 1X24 Z","Antimalarials",7,"Unit",1900,2470,"LOW"
"HAB-00600","LONART GVS 1X24","Antimalarials",5,"Unit",2000,2600,"LOW"
"HAB-00601","Lonart. Gvs 1x24 N","Antimalarials",-20,"Unit",0,0,"NEGATIVE"
"HAB-00602","Lonart New 1x24","Antimalarials",-117,"Unit",1995,2594,"NEGATIVE"
"HAB-00603","Lonart Syp","Antimalarials",14,"Unit",8253,10729,"OK"
"HAB-00604","Lonart Tablets","Antimalarials",62,"Tablets",2000,2600,"OK"
"HAB-00605","Loratadine 10mg","Antihistamines & Allergy",3,"Unit",11500,14950,"LOW"
"HAB-00606","Loratadine 10mh","Antihistamines & Allergy",5,"Unit",11500,14950,"LOW"
"HAB-00607","Losacar -H 10X3","Other",226,"Unit",383,498,"OK"
"HAB-00608","Losarc H 3x10 Zydus","Other",-70,"Unit",387,503,"NEGATIVE"
"HAB-00609","Losarc-H 3x10 Zydus/c","Other",13,"Unit",11900,15470,"OK"
"HAB-00610","LOSARTAN POTASSIUM TABS USP 50MG PLAIN","Cardiovascular",500,"Tablets",185,241,"OK"
"HAB-00611","Losartas 50mg 4x7 Intas","Other",48,"Unit",555,722,"OK"
"HAB-00612","Lydia Contracepitive Inj","Injectables",-58,"Ampoule",2300,2990,"NEGATIVE"
"HAB-00613","LYDIA CONTRACEPTIVE INJ.","Injectables",40,"Ampoule",1950,2535,"OK"
"HAB-00614","LYDIA CONTRACEPTIVES INJ.","Injectables",10,"Ampoule",1950,2535,"OK"
"HAB-00615","Lydia Fine (Pilplan)","Other",-14,"Unit",1300,1690,"NEGATIVE"
"HAB-00616","Lydia Post Pil 1.5mg 1x1","Other",-15,"Unit",1600,2080,"NEGATIVE"
"HAB-00617","Lydia Post Pill 1's","Other",75,"Unit",1550,2015,"OK"
"HAB-00618","LYDIA POSTPILL 1.5MG(1X1)","Other",76,"Unit",1600,2080,"OK"
"HAB-00619","LYDIA POSTPILL EMERGENCY","Other",-5,"Unit",1550,2015,"NEGATIVE"
"HAB-00620","Lydia Postpil Tab","Other",93,"Tablets",1593,2071,"OK"
"HAB-00621","MAga Mix Kingsto","Other",6,"Unit",1584,2059,"LOW"
"HAB-00622","MAGNESIUM MIXTURE 200ML","Other",-19,"Unit",2200,2860,"NEGATIVE"
"HAB-00623","MAGNESIUM SULFATE INJ.BP 500MG/ML","Injectables",20,"Ampoule",5000,6500,"OK"
"HAB-00624","Magnesium (Suremag)","Other",3000,"Unit",18,23,"OK"
"HAB-00625","MAGNESIUM SYRUP","Other",20,"Bottle",2250,2925,"OK"
"HAB-00626","Magnesium Tab 10x10","Other",11,"Tablets",399,519,"OK"
"HAB-00627","MAGNESIUM TABS","Other",1800,"Tablets",19,25,"OK"
"HAB-00628","MAGNESIUM TRISILICATE MIXTURE","Other",13,"Unit",2200,2860,"OK"
"HAB-00629","Ma Kare 9Mifepristone ) 200mg Tablet 1x5","Hormones & Contraceptives",10,"Tablets",3100,4030,"OK"
"HAB-00630","Malaren 1x3","Other",364,"Unit",350,455,"OK"
"HAB-00631","Malaria Antigen Rapid Test Strips","Other",-100,"Unit",900,1170,"NEGATIVE"
"HAB-00632","Malaria Test Cassette(Sidak)","Other",-30,"Unit",869,1129,"NEGATIVE"
"HAB-00633","Malaria Tests 1x50","Other",2500,"Unit",790,1027,"OK"
"HAB-00634","Mama Kit","Other",1,"Unit",11200,14560,"LOW"
"HAB-00635","MAMA KIT 1","Other",5,"Unit",10500,13650,"LOW"
"HAB-00636","Mannitol 100ml I. V","Other",1,"Unit",3400,4420,"LOW"
"HAB-00637","MANNITOL INTRAVENOUS INFUSION","Other",8,"Unit",3400,4420,"LOW"
"HAB-00638","Mardagra 50mg Tablet 1x4","Other",-2,"Tablets",1200,1560,"NEGATIVE"
"HAB-00639","Mardagra 50mg Tablets 1x4","Other",72,"Tablets",300,390,"OK"
"HAB-00640","MARIPRIST","Other",6,"Unit",19500,25350,"LOW"
"HAB-00641","Max Cal","Other",50,"Unit",1017,1322,"OK"
"HAB-00642","MCG CREAM 15GMS","Other",356,"Tube",2300,2990,"OK"
"HAB-00643","MCG Cream 15grams","Other",12,"Tube",2613,3396,"OK"
"HAB-00644","Mebendazole 10x10","Anthelmintics & Antiparasitics",-1150,"Unit",22,29,"NEGATIVE"
"HAB-00645","Mebendazole 10x10 N","Anthelmintics & Antiparasitics",-112,"Unit",2200,2860,"NEGATIVE"
"HAB-00646","Medendazole Syrup","Other",6,"Bottle",850,1105,"LOW"
"HAB-00647","MEDICAL ENVELOPES","Other",20,"Unit",1500,1950,"OK"
"HAB-00648","MEDICAL EXAMINATION GLOVES","Medical Supplies",20,"Unit",10000,13000,"OK"
"HAB-00649","MEDICAL EXAMINATION GLOVES KAI CARE","Medical Supplies",10,"Unit",10000,13000,"OK"
"HAB-00650","MEDIVEN CREAM 15GM","Other",12,"Tube",1900,2470,"OK"
"HAB-00651","MEDIVEN CREAM Z","Other",24,"Tube",1850,2405,"OK"
"HAB-00652","MEDIVEN S","Other",2,"Unit",8100,10530,"LOW"
"HAB-00653","MEDIVEN S 2","Other",9,"Unit",7900,10270,"LOW"
"HAB-00654","Mefenamic 500mg Tab 10x10","Other",-60,"Tablets",106,138,"NEGATIVE"
"HAB-00655","Mefinal 500-10x10","Other",-290,"Unit",123,160,"NEGATIVE"
"HAB-00656","Meloxicam 15mg 4x5x10","Pain Relief & Anti-inflammatory",170,"Unit",190,247,"OK"
"HAB-00657","MENTHO PLUS 2","Other",-24,"Unit",1250,1625,"NEGATIVE"
"HAB-00658","MENTHO PLUS 3 INH","Other",-3,"Unit",1230,1599,"NEGATIVE"
"HAB-00659","MENTHO PLUS BALM","Other",118,"Unit",1250,1625,"OK"
"HAB-00660","MENTHO PLUS INH Z","Other",34,"Unit",1250,1625,"OK"
"HAB-00661","Menthoxyl 50x2","Other",22,"Unit",149,194,"OK"
"HAB-00662","Menthoxyl 50x2 Blue","Other",-100,"Unit",8,10,"NEGATIVE"
"HAB-00663","MENTHOXYL 50X2 BLUE 3","Other",20,"Unit",142,185,"OK"
"HAB-00664","Mertformin Denk 500","Other",3,"Unit",25000,32500,"LOW"
"HAB-00665","Metaformin Denk 1000mg","Other",3,"Unit",14500,18850,"LOW"
"HAB-00666","METFAL 500 10X10","Other",160,"Unit",115,150,"OK"
"HAB-00667","Metformin","Diabetes",82,"Unit",2325,3022,"OK"
"HAB-00668","Metformin Denk 1000mg Tablet 1x30","Diabetes",1,"Tablets",15700,20410,"LOW"
"HAB-00669","METHOPLUS BALM","Other",31,"Unit",1100,1430,"OK"
"HAB-00670","Methylcellulose M/v Eye Drop","Eye & ENT",5,"Bottle",6000,7800,"LOW"
"HAB-00671","Methyldopa 250mg 10x10","Other",-30,"Unit",185,241,"NEGATIVE"
"HAB-00672","Methyldopa 25mg","Other",-2,"Unit",18800,24440,"NEGATIVE"
"HAB-00673","Metocloplamide \plasil 10mg Tablets 10x10","Other",4,"Tablets",2600,3380,"LOW"
"HAB-00674","Metoclopramide 5ml/2ml (Plasil Inj.)","Gastrointestinal",20,"Ampoule",500,650,"OK"
"HAB-00675","Metro 5mg\ml Infusion 100ml [Abaris]","Other",-2,"Unit",1050,1365,"NEGATIVE"
"HAB-00676","METRO COATED","Other",-6772,"Unit",19,25,"NEGATIVE"
"HAB-00677","Metro Coated 2","Other",-100,"Unit",19,25,"NEGATIVE"
"HAB-00678","METRO COATED C","Other",11620,"Unit",19,25,"OK"
"HAB-00679","Metro Iv","Other",-14,"Unit",950,1235,"NEGATIVE"
"HAB-00680","Metro Iv 100ml","Other",-192,"Unit",1039,1351,"NEGATIVE"
"HAB-00681","Metro Leb 125 Susp","Other",-26,"Bottle",1393,1811,"NEGATIVE"
"HAB-00682","METRONIDAZOLE 500M/ML INFUSION 100ML","Antibiotics",100,"Unit",1000,1300,"OK"
"HAB-00683","Metronidazole Infusion B.P.0.5","Antibiotics",83,"Unit",960,1248,"OK"
"HAB-00684","Metronidazole Tablets","Antibiotics",-408,"Tablets",19,25,"NEGATIVE"
"HAB-00685","Metro Revive 10x10","Other",-5,"Unit",2050,2665,"NEGATIVE"
"HAB-00686","Metrosim 200mg Tablet 10x10 (Africure)","Other",-18,"Tablets",1858,2416,"NEGATIVE"
"HAB-00687","Metro  Tab F/c 10x10","Other",-700,"Tablets",21,27,"NEGATIVE"
"HAB-00688","Metro TAb F/c Revive 10x10","Other",-476,"Tablets",22,29,"NEGATIVE"
"HAB-00689","Metro U/c 10x10","Other",-14,"Unit",266,346,"NEGATIVE"
"HAB-00690","MINTOREX LOZ","Other",300,"Unit",120,156,"OK"
"HAB-00691","MISOPROSTAL TABLETS SWT","Other",85,"Tablets",630,819,"OK"
"HAB-00692","MISOPROSTOL 10X10","Gastrointestinal",20,"Unit",6300,8190,"OK"
"HAB-00693","Misoprostol Tablet","Gastrointestinal",-286,"Tablets",660,858,"NEGATIVE"
"HAB-00694","MIXTARD INSULIN","Diabetes",4,"Unit",23500,30550,"LOW"
"HAB-00695","MONTICOPE","Other",150,"Unit",393,511,"OK"
"HAB-00696","Monticope 3x10","Other",5,"Unit",11800,15340,"LOW"
"HAB-00697","MRDT","Other",520,"Unit",820,1066,"OK"
"HAB-00698","Mucogel 125ml","Other",3,"Tube",10933,14213,"LOW"
"HAB-00699","MUCOGEL 125ML 3","Other",1,"Tube",10900,14170,"LOW"
"HAB-00700","MUCOLEX  EXPECTORANT","Other",-1,"Unit",3750,4875,"NEGATIVE"
"HAB-00701","Multivitamin 10x10","Vitamins & Supplements",-1520,"Unit",27,35,"NEGATIVE"
"HAB-00702","Myospaz Tabs 10x10","Other",1,"Tablets",47000,61100,"LOW"
"HAB-00703","Nana Mouth","Other",6,"Unit",5131,6670,"LOW"
"HAB-00704","NASAL DROPS 10ML","Eye & ENT",1,"Bottle",6000,7800,"LOW"
"HAB-00705","NAT B","Other",70,"Unit",550,715,"OK"
"HAB-00706","Nat B Tab","Other",1,"Tablets",16800,21840,"LOW"
"HAB-00707","NAT-B TAB 2","Other",39,"Tablets",560,728,"OK"
"HAB-00708","Neomycin","Other",3,"Unit",4000,5200,"LOW"
"HAB-00709","Neomycine Sulfate Cream","Other",12,"Tube",2100,2730,"OK"
"HAB-00710","Neosidar 1x3","Other",167,"Unit",350,455,"OK"
"HAB-00711","Nervilin 75mg 3x10","Other",2,"Unit",8000,10400,"LOW"
"HAB-00712","NEURORUBIN 1X1","Other",4,"Unit",13100,17030,"LOW"
"HAB-00713","NEUROTON","Other",40,"Unit",560,728,"OK"
"HAB-00714","Neuroton 2x10","Other",-6,"Unit",590,767,"NEGATIVE"
"HAB-00715","NEUROTON TAB 20'S","Other",7,"Tablets",560,728,"LOW"
"HAB-00716","Neuroton Tablet 1x20","Other",1,"Tablets",11444,14878,"LOW"
"HAB-00717","NEUROTON TABLETS 20","Other",20,"Tablets",560,728,"OK"
"HAB-00718","Ng Tube 16g","Medical Supplies",2,"Tube",1200,1560,"LOW"
"HAB-00719","NG TUBE 18G(RYLES)","Medical Supplies",1,"Tube",700,910,"LOW"
"HAB-00720","N.G Tube 8","Medical Supplies",4,"Tube",1200,1560,"LOW"
"HAB-00721","N.G TUBE G18","Medical Supplies",10,"Tube",1000,1300,"OK"
"HAB-00722","Nifela Retard 20mg Tablet 10x10","Other",-4,"Tablets",3000,3900,"NEGATIVE"
"HAB-00723","Nifidepine 20mg Tbs Cadilla","Other",-780,"Unit",30,38,"NEGATIVE"
"HAB-00724","Nifidepine 20mg Z/c","Other",-130,"Unit",30,39,"NEGATIVE"
"HAB-00725","NIFIDIPINE 20MG","Other",1450,"Unit",29,38,"OK"
"HAB-00726","NIFIDIPINE 20MG CADILA","Other",-380,"Unit",29,38,"NEGATIVE"
"HAB-00727","Nifidipine 20mg Z/c","Other",-515,"Unit",30,39,"NEGATIVE"
"HAB-00728","NIFIDIPINE 2OMG TABS 10X10","Other",700,"Tablets",28,36,"OK"
"HAB-00729","Nitro 100mg 10x10","Other",-114,"Unit",32,42,"NEGATIVE"
"HAB-00730","NORMAGUT 250MG 3X10","Other",60,"Unit",2120,2756,"OK"
"HAB-00731","Normal Saline","Injectables",-5,"Unit",300,390,"NEGATIVE"
"HAB-00732","NORMAL SALINE 0.9%","Injectables",71,"Unit",1550,2015,"OK"
"HAB-00733","NORMAL SALINE SWT","Injectables",-35,"Unit",1500,1950,"NEGATIVE"
"HAB-00734","Norma Saline 5%","Other",-8,"Unit",1640,2132,"NEGATIVE"
"HAB-00735","NO SCAR CREAM","Other",24,"Tube",6100,7930,"OK"
"HAB-00736","NS 500ML R","Other",90,"Unit",1550,2015,"OK"
"HAB-00737","Nucoxia 90mg","Other",1,"Unit",29000,37700,"LOW"
"HAB-00738","Nursing Watch","Other",8,"Unit",6800,8840,"LOW"
"HAB-00739","NYLON 2/0","Other",12,"Unit",700,910,"OK"
"HAB-00740","NYLON 2(REVERSE CUTTING)","Other",10,"Unit",700,910,"OK"
"HAB-00741","Nystatin 30ml 2","Antifungals",10,"Unit",1500,1950,"OK"
"HAB-00742","NYSTATIN ORAL SUSPENSION","Antifungals",3,"Bottle",1500,1950,"LOW"
"HAB-00743","Nystatin Syrup","Antifungals",9,"Bottle",1525,1983,"LOW"
"HAB-00744","Nystatin Tab 10x10","Antifungals",215,"Tablets",141,183,"OK"
"HAB-00745","OCUCYCLINE EYE OINTMENT 3.5GM","Other",30,"Tube",1050,1365,"OK"
"HAB-00746","OCUREST","Other",7,"Unit",2000,2600,"LOW"
"HAB-00747","OFLAXACIN 10X10","Other",480,"Unit",103,134,"OK"
"HAB-00748","Ofloxacin Tab 200mg","Antibiotics",-44,"Tablets",88,114,"NEGATIVE"
"HAB-00749","Omemprazole Cap 10x10","Other",-910,"Capsules",34,44,"NEGATIVE"
"HAB-00750","OMEPERAZOLE 10X10 LOKIT","Other",-1246,"Unit",122,159,"NEGATIVE"
"HAB-00751","Omeperazole Injection","Injectables",-49,"Ampoule",1800,2340,"NEGATIVE"
"HAB-00752","Omeperazole Iv 40mg","Other",80,"Unit",1850,2405,"OK"
"HAB-00753","Omeprazole 10x10 Lokit 20mg","Gastrointestinal",-2,"Unit",3223,4190,"NEGATIVE"
"HAB-00754","Omeprazole 40mg Injection","Gastrointestinal",4,"Ampoule",2185,2841,"LOW"
"HAB-00755","OMEPRAZOLE INJ.40MG","Gastrointestinal",-2,"Ampoule",1700,2210,"NEGATIVE"
"HAB-00756","Omez Blue","Other",2,"Unit",3258,4236,"LOW"
"HAB-00757","Omiren 20mg Cap Omez","Other",-420,"Capsules",280,364,"NEGATIVE"
"HAB-00758","ON CALL PLUS 1","Other",350,"Unit",340,442,"OK"
"HAB-00759","On Call Plus Strips","Other",8,"Unit",19000,24700,"LOW"
"HAB-00760","On Call Strips 1x50","Other",295,"Unit",384,499,"OK"
"HAB-00761","ONDAZEN 4ML INJ 10'S","Injectables",1,"Ampoule",23000,29900,"LOW"
"HAB-00762","ORAXIN SYRUP 100ML","Other",3,"Bottle",14000,18200,"LOW"
"HAB-00763","Oraxin Syrup 100ml 1","Other",10,"Bottle",4500,5850,"OK"
"HAB-00764","O.R.S","Other",168,"Unit",294,382,"OK"
"HAB-00765","OXYTOCIN INJECTION B.P","Injectables",-8,"Ampoule",900,1170,"NEGATIVE"
"HAB-00766","OXYTOCIN INJECTION BP 10","Injectables",-9,"Ampoule",850,1105,"NEGATIVE"
"HAB-00767","PA 12 1000mg 1x120","Other",-12,"Unit",354,460,"NEGATIVE"
"HAB-00768","PA-12 Tablets 10x12panadol]","Other",4,"Tablets",42200,54860,"LOW"
"HAB-00769","Painex 1*100","Other",94,"Unit",107,139,"OK"
"HAB-00770","Painex 1x100","Other",-34,"Unit",108,140,"NEGATIVE"
"HAB-00771","Painex 1x100 B","Other",970,"Unit",107,139,"OK"
"HAB-00772","PAINEX 1X1OO TABS 2","Other",660,"Tablets",106,138,"OK"
"HAB-00773","Painex25x4 Tab N","Other",3,"Tablets",10621,13807,"LOW"
"HAB-00774","Painex Balm","Other",3,"Unit",3000,3900,"LOW"
"HAB-00775","PAINEX TAB","Other",-190,"Tablets",107,139,"NEGATIVE"
"HAB-00776","P-Alaxin 1x9","Antimalarials",-16,"Unit",767,997,"NEGATIVE"
"HAB-00777","PALAXIN 1X9 Z","Other",-21,"Unit",6800,8840,"NEGATIVE"
"HAB-00778","P-Alaxin 40mg/320mg Tablet 1x9","Antimalarials",-119,"Tablets",4521,5878,"NEGATIVE"
"HAB-00779","PALAXIN SYRUP","Other",8,"Bottle",6900,8970,"LOW"
"HAB-00780","PALAXIN TABS","Other",48,"Tablets",6500,8450,"OK"
"HAB-00781","Palaxin  Tabs 1x9","Other",-11,"Tablets",6500,8450,"NEGATIVE"
"HAB-00782","Palaxin Tabs Z","Other",47,"Tablets",6800,8840,"OK"
"HAB-00783","P ALAXIN TS TAB 1X3","Other",1160,"Tablets",6908,8980,"OK"
"HAB-00784","Panadol 60l 9Kelvin)","Other",5,"Unit",1547,2011,"LOW"
"HAB-00785","Panadol Advance","Other",270,"Unit",175,228,"OK"
"HAB-00786","PANADOL EXTRA","Other",-264,"Unit",195,254,"NEGATIVE"
"HAB-00787","Panadol Extra 10x10","Other",12,"Unit",197,256,"OK"
"HAB-00788","Panadol Iv 100ml Apdi","Other",77,"Unit",2309,3002,"OK"
"HAB-00789","PANADOL SUPP 125 1X5 BLISS","Other",8,"Unit",540,702,"LOW"
"HAB-00790","PANADOL SUPP 125MG RECTAL","Other",161,"Unit",520,676,"OK"
"HAB-00791","PANADOL SUPP 250MG 1X5","Other",65,"Unit",720,936,"OK"
"HAB-00792","PANADOL SYRUP B","Other",25,"Bottle",820,1066,"OK"
"HAB-00793","Paper Envelopes","Other",-16,"Unit",160,208,"NEGATIVE"
"HAB-00794","Paracetamol 120ml Oral Suspension","Pain Relief & Anti-inflammatory",13,"Bottle",800,1040,"OK"
"HAB-00795","Parafenac 10x10 Tabs","Other",170,"Tablets",39,51,"OK"
"HAB-00796","Pcm Rectal","Other",5,"Unit",4000,5200,"LOW"
"HAB-00797","Pedivit 3x7","Other",1,"Unit",4200,5460,"LOW"
"HAB-00798","PEDIVIT FORTE CAPSULES","Other",-10,"Capsules",260,338,"NEGATIVE"
"HAB-00799","PELOX 10*10","Other",-28,"Unit",26500,34450,"NEGATIVE"
"HAB-00800","Pelox 10x10 TAta","Other",1,"Unit",26500,34450,"LOW"
"HAB-00801","PENEGRA 100","Other",15,"Unit",950,1235,"OK"
"HAB-00802","Penegra 100mg","Other",-6,"Unit",3750,4875,"NEGATIVE"
"HAB-00803","Penegra 100 S","Other",64,"Unit",913,1186,"OK"
"HAB-00804","PENEGRA 100 TBLETS","Other",27,"Unit",3750,4875,"OK"
"HAB-00805","PENEGRA 50MG","Other",2,"Unit",2750,3575,"LOW"
"HAB-00806","Penegra 50mg 1x4","Other",7,"Unit",675,878,"LOW"
"HAB-00807","Pen V10x10","Other",1600,"Unit",60,78,"OK"
"HAB-00808","Pen- V 250 10x10","Other",-415,"Unit",76,99,"NEGATIVE"
"HAB-00809","PEN V-250 10X10 TAB","Other",-406,"Tablets",74,96,"NEGATIVE"
"HAB-00810","Pethidine Inj","Pain Relief & Anti-inflammatory",23,"Ampoule",3200,4160,"OK"
"HAB-00811","Phenababiton","Other",-685,"Unit",41,54,"NEGATIVE"
"HAB-00812","PHENYTOIN INJ","Injectables",5,"Ampoule",5500,7150,"LOW"
"HAB-00813","PHENYTOIN INJ 2","Injectables",15,"Ampoule",5500,7150,"OK"
"HAB-00814","PHENYTOIN INJECTION BP 50MG/ML","Injectables",16,"Ampoule",4700,6110,"OK"
"HAB-00815","PHLORO-G 2","Other",1940,"Unit",110,143,"OK"
"HAB-00816","Phloro G 80mg Tab","Other",-2,"Tablets",12000,15600,"NEGATIVE"
"HAB-00817","PINKOO GRIPE WATER 120","Other",10,"Unit",3400,4420,"OK"
"HAB-00818","PIRICAM 2OMG CAPS 10X10S","Other",-1090,"Capsules",26,33,"NEGATIVE"
"HAB-00819","Piritex Baby 60ml","Other",-8,"Unit",2850,3705,"NEGATIVE"
"HAB-00820","Piritex Junior 60ml","Other",29,"Unit",3117,4052,"OK"
"HAB-00821","Piriton 10x10","Antihistamines & Allergy",5770,"Unit",10,13,"OK"
"HAB-00822","Piriton 10x10 Tabs","Antihistamines & Allergy",18890,"Tablets",10,13,"OK"
"HAB-00823","Piriton Syp","Antihistamines & Allergy",1,"Unit",15300,19890,"LOW"
"HAB-00824","PIRITON SYRUP 60ML","Antihistamines & Allergy",16,"Bottle",800,1040,"OK"
"HAB-00825","Piriton Tab 10x10","Antihistamines & Allergy",-550,"Tablets",12,16,"NEGATIVE"
"HAB-00826","Piriton Tablet 10x10","Antihistamines & Allergy",-9,"Tablets",1124,1461,"NEGATIVE"
"HAB-00827","PIROXICAM","Pain Relief & Anti-inflammatory",1100,"Unit",20,25,"OK"
"HAB-00828","Piroxicam 10x10 Z/c N","Pain Relief & Anti-inflammatory",-935,"Unit",26,34,"NEGATIVE"
"HAB-00829","Piroxicam Caps Usp 20mg","Pain Relief & Anti-inflammatory",-241,"Capsules",28,36,"NEGATIVE"
"HAB-00830","Piroxicam Cap Usp 20mg","Pain Relief & Anti-inflammatory",1600,"Capsules",20,25,"OK"
"HAB-00831","PIROXICAM TABS","Pain Relief & Anti-inflammatory",1450,"Tablets",19,25,"OK"
"HAB-00832","PIROXICAM TBS","Pain Relief & Anti-inflammatory",-800,"Unit",20,25,"NEGATIVE"
"HAB-00833","Plasil 10x10","Other",1950,"Unit",25,33,"OK"
"HAB-00834","Plasil Inj (R) New","Injectables",26,"Ampoule",667,867,"OK"
"HAB-00835","PLASTER 10CM NEW","Medical Supplies",27,"Unit",3250,4225,"OK"
"HAB-00836","PLASTER 10 CM S","Medical Supplies",21,"Unit",3250,4225,"OK"
"HAB-00837","Plaster 1 inch","Medical Supplies",24,"Unit",1000,1300,"OK"
"HAB-00838","Plaster 2.5cm","Medical Supplies",-21,"Unit",1086,1411,"NEGATIVE"
"HAB-00839","PLASTER 2.5CM S","Medical Supplies",27,"Unit",1000,1300,"OK"
"HAB-00840","Plaster 3"" 7.5cm","Medical Supplies",-5,"Unit",2300,2990,"NEGATIVE"
"HAB-00841","PLASTER 7.5CM","Medical Supplies",-2,"Unit",2350,3055,"NEGATIVE"
"HAB-00842","Plaster 7.5 Oxide","Medical Supplies",11,"Unit",2350,3055,"OK"
"HAB-00843","Plaster Roll 10cm","Medical Supplies",-50,"Roll",3303,4294,"NEGATIVE"
"HAB-00844","Plastic Envelopes","Other",-1,"Unit",19500,25350,"NEGATIVE"
"HAB-00845","PLASTIC ENVELOPES 100S","Other",20,"Unit",1500,1950,"OK"
"HAB-00846","PLASTIC ENVELOPES IMPT","Other",-28,"Unit",1314,1709,"NEGATIVE"
"HAB-00847","PPF","Other",1,"Unit",980,1274,"LOW"
"HAB-00848","Ppf 2","Other",93,"Unit",1000,1300,"OK"
"HAB-00849","P.P.F B.P 4MEGA","Other",1,"Unit",930,1209,"LOW"
"HAB-00850","PPF BP 4MEGA INJ.","Injectables",7,"Ampoule",960,1248,"LOW"
"HAB-00851","Pred 10x10 Dawa","Other",-21,"Unit",2000,2600,"NEGATIVE"
"HAB-00852","Predinsolone 10x10","Other",-2440,"Unit",21,27,"NEGATIVE"
"HAB-00853","Prednisolin Kpi 10x10","Other",-2090,"Unit",20,25,"NEGATIVE"
"HAB-00854","Prednisolone 1% Eye Drop","Eye & ENT",20,"Bottle",7000,9100,"OK"
"HAB-00855","PREGABALI CAPS 75MG","Other",60,"Capsules",270,351,"OK"
"HAB-00856","PREGABALIN 75MG 3X10","Other",60,"Unit",260,338,"OK"
"HAB-00857","PREGABALIN 75MG ZYLIN 75 ST","Other",120,"Unit",270,351,"OK"
"HAB-00858","PREGABALIN CAPS 3X10","Other",5,"Capsules",7700,10010,"LOW"
"HAB-00859","Pregatas 75 3x10 INTAS","Other",-60,"Unit",0,0,"NEGATIVE"
"HAB-00860","Pritex Baby60ml","Other",1,"Unit",3600,4680,"LOW"
"HAB-00861","PRITEX BABY 60ML SYRUP","Other",18,"Bottle",2720,3536,"OK"
"HAB-00862","Pritex Baby  Syrup 60ml","Other",7,"Bottle",2900,3770,"LOW"
"HAB-00863","Pritex Codain 100ml","Other",20,"Unit",6200,8060,"OK"
"HAB-00864","Pritex Junior 60ml","Other",-14,"Unit",3100,4030,"NEGATIVE"
"HAB-00865","PROBETA-N","Other",-4,"Unit",3200,4160,"NEGATIVE"
"HAB-00866","PROBETA -N 2","Other",5,"Unit",3200,4160,"LOW"
"HAB-00867","Probeta-N 7.5ml","Other",-4,"Unit",3335,4336,"NEGATIVE"
"HAB-00868","Probeta N-C","Other",29,"Unit",3000,3900,"OK"
"HAB-00869","Probeta-N Eye Drop 7.5ml Roy","Eye & ENT",4,"Bottle",3400,4420,"LOW"
"HAB-00870","Promethathine 25mg 10x10 Tablets Bister","Other",469,"Tablets",23,30,"OK"
"HAB-00871","Promethazine B.P 25mg Dawa-Prom","Antihistamines & Allergy",650,"Unit",23,30,"OK"
"HAB-00872","Proxyren 20mg Capsules","Other",20,"Capsules",2700,3510,"OK"
"HAB-00873","PYLO KIT H.PYLORI KIT","Other",19,"Unit",27200,35360,"OK"
"HAB-00874","Pylo-Kit Tablet (CIPLA)","Other",-42,"Tablets",2594,3372,"NEGATIVE"
"HAB-00875","PYRADOXIN TABS1x1","Other",200,"Tablets",30,39,"OK"
"HAB-00876","Quinine 100ml Rene","Antimalarials",-1,"Unit",2450,3185,"NEGATIVE"
"HAB-00877","Quinine 10x10","Antimalarials",-160,"Unit",143,185,"NEGATIVE"
"HAB-00878","QUININE 10X10 TABS","Antimalarials",-40,"Tablets",139,181,"NEGATIVE"
"HAB-00879","Quinine 10x10 Tabs Z","Antimalarials",420,"Tablets",139,181,"OK"
"HAB-00880","Quinine 600mg 2ml Inj (Scotts)","Antimalarials",206,"Ampoule",449,584,"OK"
"HAB-00881","QUININE INJ.600MG/2ML SCOTT","Antimalarials",84,"Ampoule",750,975,"OK"
"HAB-00882","QUININE INJ-CHINA/INDIA","Antimalarials",192,"Ampoule",800,1040,"OK"
"HAB-00883","QUININE INJECTION DIHYDROCHLORIDE","Antimalarials",61,"Ampoule",750,975,"OK"
"HAB-00884","Quinine Inj New","Antimalarials",-15,"Ampoule",800,1040,"NEGATIVE"
"HAB-00885","Quinine Mix 100ml","Antimalarials",32,"Unit",2150,2795,"OK"
"HAB-00886","Quinine Mixture 100ml Mp","Antimalarials",-15,"Unit",2275,2958,"NEGATIVE"
"HAB-00887","QUININE TABS 2","Antimalarials",140,"Tablets",139,181,"OK"
"HAB-00888","RABEPERAZOLE IV TATA","Other",20,"Unit",18500,24050,"OK"
"HAB-00889","Rabeprazole 20mg 1x30","Gastrointestinal",1,"Unit",12333,16033,"LOW"
"HAB-00890","Relcer 100ml Syrup","Other",14,"Bottle",4800,6240,"OK"
"HAB-00891","Relcer Gel 100","Other",-14,"Tube",4850,6305,"NEGATIVE"
"HAB-00892","Relcer Gel 100ml","Other",-4,"Tube",4862,6321,"NEGATIVE"
"HAB-00893","Relcer Gel 170","Other",-1,"Tube",25800,33540,"NEGATIVE"
"HAB-00894","Relcer Gel 170ml","Other",-3,"Tube",7400,9620,"NEGATIVE"
"HAB-00895","Relcer Gel  180ml","Other",11,"Tube",7300,9490,"OK"
"HAB-00896","Relex 100ml","Other",6,"Unit",3700,4810,"LOW"
"HAB-00897","RENEDOL","Other",446,"Unit",1318,1713,"OK"
"HAB-00898","RENEGEL 100ML","Other",1,"Tube",1600,2080,"LOW"
"HAB-00899","Renegel 100ml 2","Other",15,"Tube",1500,1950,"OK"
"HAB-00900","Renegel 100ml Suspension","Other",4,"Bottle",1500,1950,"LOW"
"HAB-00901","Renegel 100ml Syrup S","Other",29,"Bottle",1650,2145,"OK"
"HAB-00902","Renegel Syrup 100ml","Other",-10,"Bottle",1634,2125,"NEGATIVE"
"HAB-00903","Reniron 200ml","Vitamins & Supplements",-2,"Unit",5000,6500,"NEGATIVE"
"HAB-00904","Reniron 200ml 1","Vitamins & Supplements",7,"Unit",5200,6760,"LOW"
"HAB-00905","Reniron 60ml","Vitamins & Supplements",5,"Unit",2500,3250,"LOW"
"HAB-00906","Reniron 60ml Z","Vitamins & Supplements",7,"Unit",1000,1300,"LOW"
"HAB-00907","RHEUMAC GEL DICLOFENAC","Pain Relief & Anti-inflammatory",30,"Tube",750,975,"OK"
"HAB-00908","Ringers Lactate 500ml Apdl","Injectables",22,"Unit",1600,2080,"OK"
"HAB-00909","Rotramic 500tab 1x10","Other",-30,"Tablets",1612,2096,"NEGATIVE"
"HAB-00910","Roxone 1.5 Salbactamol","Other",40,"Unit",2100,2730,"OK"
"HAB-00911","Roxone 1gm Injection","Injectables",382,"Ampoule",680,884,"OK"
"HAB-00912","Roxone 1gm Injection Cef","Injectables",794,"Ampoule",680,884,"OK"
"HAB-00913","Roxone Gm Injection","Injectables",-473,"Ampoule",700,910,"NEGATIVE"
"HAB-00914","Safelevo 500mg Tab","Other",10,"Tablets",260,338,"OK"
"HAB-00915","SALBACTAMOL INJE","Injectables",40,"Ampoule",2350,3055,"OK"
"HAB-00916","Salbutamal Inhaler","Other",5,"Inhaler",5954,7740,"LOW"
"HAB-00917","SALBUTAMAL INJECTION S","Injectables",20,"Ampoule",2350,3055,"OK"
"HAB-00918","Salbutamol 10x10","Respiratory",49,"Unit",12,15,"OK"
"HAB-00919","Salbutamol Inhaler","Respiratory",4,"Inhaler",5967,7757,"LOW"
"HAB-00920","Salimia Pain Killing Liniment","Other",2,"Unit",3800,4940,"LOW"
"HAB-00921","SCOTAC 50mg/2ml Injection Scoots","Injectables",38,"Ampoule",1550,2015,"OK"
"HAB-00922","Scotac 50mg/2ml( Ranitidine)","Gastrointestinal",77,"Unit",1250,1625,"OK"
"HAB-00923","Secnidazole 1x2 Intas","Other",81,"Unit",1250,1625,"OK"
"HAB-00924","Sediproct 20mg Cr","Other",7,"Unit",7800,10140,"LOW"
"HAB-00925","Sediproct 20mg Cream","Other",8,"Tube",7800,10140,"LOW"
"HAB-00926","Sediproct Supp","Other",11,"Unit",7800,10140,"OK"
"HAB-00927","SENSODYNE FRESH MINT 75ML","Other",5,"Unit",11200,14560,"LOW"
"HAB-00928","Sensodyne Multicare 75mls","Other",4,"Unit",11000,14300,"LOW"
"HAB-00929","SENSODYNE REPAIR AND PROTECT","Other",4,"Unit",18300,23790,"LOW"
"HAB-00930","Septrine 10x10 Rene","Antibiotics",-870,"Unit",36,47,"NEGATIVE"
"HAB-00931","Septrine 480mg 10x10","Antibiotics",-11,"Unit",3656,4752,"NEGATIVE"
"HAB-00932","SEPTRINE 60ML (L-TRIME)","Antibiotics",-3,"Unit",860,1118,"NEGATIVE"
"HAB-00933","Septrine 960mg","Antibiotics",15,"Unit",88,114,"OK"
"HAB-00934","SEPTRINE 960MG 1","Antibiotics",200,"Unit",79,103,"OK"
"HAB-00935","SEPTRINE 960MG 10X10","Antibiotics",300,"Unit",77,100,"OK"
"HAB-00936","Septrine Syrup 2","Antibiotics",7,"Bottle",860,1118,"LOW"
"HAB-00937","Septrin Syp","Antibiotics",-9,"Unit",1447,1881,"NEGATIVE"
"HAB-00938","Simfen-200 Iburofen Tabs 10x10","Other",1100,"Tablets",18,23,"OK"
"HAB-00939","Sinarest 50x4","Other",-26,"Unit",115,150,"NEGATIVE"
"HAB-00940","SINAREST 50X4 L","Other",-100,"Unit",109,142,"NEGATIVE"
"HAB-00941","Sinarest 50x4 Z","Other",139,"Unit",434,564,"OK"
"HAB-00942","Sinarest Tabs","Other",-150,"Tablets",424,551,"NEGATIVE"
"HAB-00943","Sinurhon 6x1x20","Other",4,"Unit",88,115,"LOW"
"HAB-00944","SINURHON TABS","Other",-114,"Tablets",710,923,"NEGATIVE"
"HAB-00945","SKDERM 15G 1","Other",50,"Unit",2250,2925,"OK"
"HAB-00946","SK DERM 15GM CREAM","Other",1,"Tube",2500,3250,"LOW"
"HAB-00947","SKDERM CREAM 15g","Other",43,"Tube",2314,3009,"OK"
"HAB-00948","Skderm Cream 30gm","Other",4,"Tube",3360,4368,"LOW"
"HAB-00949","Skederm 15g","Other",13,"Unit",2250,2925,"OK"
"HAB-00950","SKERM CREAM 30GM","Other",34,"Tube",3350,4355,"OK"
"HAB-00951","Spen 250mg Tabs 10x10","Other",1000,"Tablets",60,78,"OK"
"HAB-00952","SPINAL NEEDLES","Medical Supplies",20,"Unit",3400,4420,"OK"
"HAB-00953","Spinal Needles 25g","Medical Supplies",10,"Unit",3300,4290,"OK"
"HAB-00954","Spironalacton Inctus","Vitamins & Supplements",20,"Unit",134,174,"OK"
"HAB-00955","SPIRONOLACTONE 25MG","Cardiovascular",300,"Unit",130,169,"OK"
"HAB-00956","SPIRONOLACTONE TABS BP 25MG","Cardiovascular",200,"Tablets",128,166,"OK"
"HAB-00957","Starvlon","Antiretrovirals",-12,"Unit",2099,2729,"NEGATIVE"
"HAB-00958","STERILISED WATER FOR INJ.10ML","Injectables",100,"Ampoule",125,163,"OK"
"HAB-00959","Stethoscope","Medical Supplies",-2,"Unit",5500,7150,"NEGATIVE"
"HAB-00960","SUGAQUINE 250MG TABS 10X10(K.P.I)","Other",5,"Tablets",14300,18590,"LOW"
"HAB-00961","Sugaquin Tab","Other",1,"Tablets",16000,20800,"LOW"
"HAB-00962","SUGARQUIN TAB","Other",300,"Tablets",152,198,"OK"
"HAB-00963","Sulpher Cream","Other",7,"Tube",1000,1300,"LOW"
"HAB-00964","SUPIROCIN(MUPIWAYS)","Other",5,"Unit",9000,11700,"LOW"
"HAB-00965","SUPIROCIN OINTMENT (MUPIROCIN)","Other",10,"Tube",13200,17160,"OK"
"HAB-00966","SURGICAL BLADE 21","Medical Supplies",485,"Unit",125,163,"OK"
"HAB-00967","Surgical Blade 22","Medical Supplies",-104,"Unit",117,152,"NEGATIVE"
"HAB-00968","SURGICAL BLADES 24","Medical Supplies",493,"Unit",125,163,"OK"
"HAB-00969","Surgical Gloves 7.5","Medical Supplies",-50,"Unit",787,1023,"NEGATIVE"
"HAB-00970","SURGICAL GLOVES NEW","Medical Supplies",599,"Unit",400,520,"OK"
"HAB-00971","Sutures","Medical Supplies",15,"Unit",1200,1560,"OK"
"HAB-00972","Suture Vicryl Size 2","Medical Supplies",24,"Unit",2500,3250,"OK"
"HAB-00973","Syphillis Test Strips","Other",54,"Unit",643,836,"OK"
"HAB-00974","Syringes 10 China","Medical Supplies",85,"Bottle",3813,4956,"OK"
"HAB-00975","Syringes 20ml","Medical Supplies",180,"Bottle",420,546,"OK"
"HAB-00976","SYRINGES 2ML AUTO DISABLE","Medical Supplies",536,"Bottle",135,176,"OK"
"HAB-00977","Syringes 2ml China IMPT","Medical Supplies",-113,"Bottle",401,521,"NEGATIVE"
"HAB-00978","Syringes 2ml Zee Plus","Medical Supplies",1302,"Bottle",120,156,"OK"
"HAB-00979","SYRINGES 3ML MAHATHI","Medical Supplies",741,"Bottle",135,176,"OK"
"HAB-00980","SYRINGES 5ML 2","Medical Supplies",-267,"Bottle",125,163,"NEGATIVE"
"HAB-00981","Syringes 5ml China IMPT","Medical Supplies",-174,"Bottle",140,182,"NEGATIVE"
"HAB-00982","Syringes 5ml Rg","Medical Supplies",1831,"Bottle",120,156,"OK"
"HAB-00983","Syringes 5mls SRK","Medical Supplies",901,"Bottle",125,163,"OK"
"HAB-00984","TADALAFIL 20MG (APCALIS-SX20)","Other",8,"Unit",5500,7150,"LOW"
"HAB-00985","Telvas 40 Plain 10x10","Other",200,"Unit",306,398,"OK"
"HAB-00986","TelvasH40/12.5mg Tablet 10x10","Other",160,"Tablets",555,722,"OK"
"HAB-00987","T.E.O 2","Other",6,"Unit",1100,1430,"LOW"
"HAB-00988","T.E.O OINTMENT","Other",13,"Tube",1000,1300,"OK"
"HAB-00989","TERBINAFINE TABS 250MG 14'S","Antifungals",42,"Tablets",825,1073,"OK"
"HAB-00990","TETRACYCLINE CAPS","Other",500,"Capsules",64,83,"OK"
"HAB-00991","Tetracycline Caps 10x10 250mg","Other",250,"Capsules",64,83,"OK"
"HAB-00992","THERMODOL","Other",18,"Unit",2400,3120,"OK"
"HAB-00993","Thermometr","Other",1,"Unit",4500,5850,"LOW"
"HAB-00994","THIAMINE BP.INJ.","Injectables",15,"Ampoule",4500,5850,"OK"
"HAB-00995","THIAMINE HYDROCHLORIDE 100MG TABS","Other",500,"Tablets",235,306,"OK"
"HAB-00996","Tincture Iodine 1ltr","Other",2,"Unit",13800,17940,"LOW"
"HAB-00997","TINCTURE IODINE 22ML (MAVID)","Other",20,"Unit",1400,1820,"OK"
"HAB-00998","Tinidazole 25x4","Other",-110,"Unit",77,100,"NEGATIVE"
"HAB-00999","TINIDAZOLE TABS","Other",300,"Tablets",62,81,"OK"
"HAB-01000","Tinoderm Oint","Other",17,"Tube",1536,1997,"OK"
"HAB-01001","Toofplus 1x20","Other",8,"Unit",8000,10400,"LOW"
"HAB-01002","Toractin  2ml/5ml Syrup 100ml","Other",7,"Bottle",3700,4810,"LOW"
"HAB-01003","TORACTINE 10X10 TABS 4","Other",-990,"Tablets",60,78,"NEGATIVE"
"HAB-01004","Toractine Tab 10x10","Other",-680,"Tablets",61,79,"NEGATIVE"
"HAB-01005","Toractin Syrup 200ml","Other",-2,"Bottle",6700,8710,"NEGATIVE"
"HAB-01006","Toractin Tablet 10x10","Other",-1,"Tablets",6100,7930,"NEGATIVE"
"HAB-01007","TORACTIN TBS","Other",60,"Unit",59,76,"OK"
"HAB-01008","TORACTIN TBS BLACK","Other",-510,"Unit",59,76,"NEGATIVE"
"HAB-01009","Tramadol Injection","Pain Relief & Anti-inflammatory",-5,"Ampoule",600,780,"NEGATIVE"
"HAB-01010","Tramadol Tab 10x10","Pain Relief & Anti-inflammatory",600,"Tablets",60,78,"OK"
"HAB-01011","Tramdol Inj","Injectables",123,"Ampoule",554,720,"OK"
"HAB-01012","TRANEXAMIC ACID 10X10","Other",157,"Unit",555,722,"OK"
"HAB-01013","TRANEXAMIC INJECTION.500MG","Injectables",30,"Ampoule",2700,3510,"OK"
"HAB-01014","Trap 37.5mg/325 Tablet 10x10 Cadilla","Other",130,"Tablets",254,330,"OK"
"HAB-01015","TRAP37.5mg/325 Tablets 10x10","Other",200,"Tablets",253,328,"OK"
"HAB-01016","TRAP TABS","Other",300,"Tablets",250,325,"OK"
"HAB-01017","Traxanemic","Other",55,"Unit",1500,1950,"OK"
"HAB-01018","TRIXONE-S INJ.1.5GM","Injectables",3,"Ampoule",2200,2860,"LOW"
"HAB-01019","Trixone -S Inj 1.5gm Salbatamol","Injectables",19,"Ampoule",2150,2795,"OK"
"HAB-01020","TRIXONE -S INJECTION 1.5GM","Injectables",50,"Ampoule",2050,2665,"OK"
"HAB-01021","TRUGLYDE VIOLET 2 75CM RB 45MM","Other",2,"Unit",30000,39000,"LOW"
"HAB-01022","TYPHOID STRIP","Other",732,"Unit",900,1170,"OK"
"HAB-01023","Typhoid Test Cassatee","Other",-131,"Unit",1043,1356,"NEGATIVE"
"HAB-01024","Umoxil 250mg Capsules 10x10","Other",30,"Capsules",5150,6695,"OK"
"HAB-01025","Urine Bag","Other",3,"Unit",900,1170,"LOW"
"HAB-01026","URINE BAG 1","Other",13,"Unit",850,1105,"OK"
"HAB-01027","URINE BAG 2","Other",8,"Unit",900,1170,"LOW"
"HAB-01028","Urine Containers","Other",397,"Unit",431,560,"OK"
"HAB-01029","Urine Sticks","Other",2,"Unit",17000,22100,"LOW"
"HAB-01030","Urine Sticks 3","Other",397,"Unit",165,215,"OK"
"HAB-01031","Vaccutainer Purple Top","Other",785,"Unit",170,221,"OK"
"HAB-01032","Vaccutainer Red Top","Other",100,"Unit",180,234,"OK"
"HAB-01033","Vacutainer Purple Top","Other",-182,"Unit",104,136,"NEGATIVE"
"HAB-01034","Vagil-CL","Other",15,"Unit",2167,2817,"OK"
"HAB-01035","VICRYL 2","Other",34,"Unit",2600,3380,"OK"
"HAB-01036","Vicryl No.2","Other",-4,"Unit",29000,37700,"NEGATIVE"
"HAB-01037","VISCO LIQUID 100 ML","Other",2,"Unit",7400,9620,"LOW"
"HAB-01038","Vitacee Tablets","Other",26150,"Tablets",15,19,"OK"
"HAB-01039","Vitamin B  10x10 Tabs Z","Vitamins & Supplements",950,"Tablets",12,16,"OK"
"HAB-01040","VITAMIN B BEEKO","Vitamins & Supplements",17,"Unit",1150,1495,"OK"
"HAB-01041","Vit B 10x10Becoren","Vitamins & Supplements",-100,"Unit",13,17,"NEGATIVE"
"HAB-01042","Vit B 10x10 Becorn","Vitamins & Supplements",5090,"Unit",12,16,"OK"
"HAB-01043","Vit B 10x10 Bicoren","Vitamins & Supplements",-300,"Unit",13,17,"NEGATIVE"
"HAB-01044","Vit B Injection","Vitamins & Supplements",32,"Ampoule",1167,1517,"OK"
"HAB-01045","Vit B Injection Z","Vitamins & Supplements",117,"Ampoule",886,1152,"OK"
"HAB-01046","Vit C 10x10 Kpi","Vitamins & Supplements",-92,"Unit",17,22,"NEGATIVE"
"HAB-01047","Vit C 10x10 Kpi New","Vitamins & Supplements",-1060,"Unit",16,21,"NEGATIVE"
"HAB-01048","Vomi-6b 10mg/10mg Tablet 1x10","Other",5,"Tablets",5283,6868,"LOW"
"HAB-01049","Vomikid 8mg Inje.","Injectables",20,"Ampoule",2600,3380,"OK"
"HAB-01050","Water 4 Inj Apdl","Injectables",87,"Ampoule",140,182,"OK"
"HAB-01051","WATER FOR INJ.","Injectables",196,"Ampoule",120,156,"OK"
"HAB-01052","WATER FOR INJECTION","Injectables",28,"Ampoule",135,176,"OK"
"HAB-01053","Well Plan","Other",8,"Unit",1400,1820,"LOW"
"HAB-01054","X-Beta N Eye/ear and Nose","Other",27,"Unit",1554,2020,"OK"
"HAB-01055","X-Pen Inj N","Injectables",-18,"Ampoule",310,403,"NEGATIVE"
"HAB-01056","YECO ANTI ULCER","Other",8,"Unit",5800,7540,"LOW"
"HAB-01057","YECO ANTI ULCER 2","Other",18,"Unit",5650,7345,"OK"
"HAB-01058","Yeco Anti Ulcer Herbal 200ml","Other",7,"Unit",5600,7280,"LOW"
"HAB-01059","ZAHA 15ML AJANTA","Other",22,"Unit",4000,5200,"OK"
"HAB-01060","Zaha 15mls Ajanta","Other",-2,"Unit",4065,5285,"NEGATIVE"
"HAB-01061","Zaha 200mg/5ml Syrup 15ml","Other",-8,"Bottle",8250,10725,"NEGATIVE"
"HAB-01062","ZAHA SYRUP 15ML","Other",10,"Bottle",4050,5265,"OK"
"HAB-01063","Zaha Tabs","Other",28,"Tablets",1146,1490,"OK"
"HAB-01064","ZAHA TABS 1","Other",45,"Tablets",4100,5330,"OK"
"HAB-01065","ZECUF 100ML","Other",20,"Unit",2750,3575,"OK"
"HAB-01066","Zecuf 100ml Syrup","Other",-2,"Bottle",2921,3798,"NEGATIVE"
"HAB-01067","ZECUF HERBAL LOZ","Other",20,"Unit",140,182,"OK"
"HAB-01068","Zecuf Lozengers 5x4 Herbal","Other",-4,"Unit",155,202,"NEGATIVE"
"HAB-01069","Zecuf Lozenges  4x5","Other",5,"Unit",3000,3900,"LOW"
"HAB-01070","ZECUF SYRUP","Other",-1,"Bottle",2550,3315,"NEGATIVE"
"HAB-01071","Zecuf Tab Orange","Other",-24,"Tablets",155,202,"NEGATIVE"
"HAB-01072","ZEECEL 200MG 10X10","Other",23,"Unit",320,416,"OK"
"HAB-01073","Zefone -1g Inj. (Cef Cadila)","Injectables",20,"Ampoule",970,1261,"OK"
"HAB-01074","Zefone 1g Inj. Cef Cadilla","Injectables",100,"Ampoule",960,1248,"OK"
"HAB-01075","ZINC SULPHATE 20MG TAB 10X10","Vitamins & Supplements",5,"Tablets",3100,4030,"LOW"
"HAB-01076","ZINC TABS","Vitamins & Supplements",150,"Tablets",25,33,"OK"
"HAB-01077","ZINC TABS 1","Vitamins & Supplements",350,"Tablets",25,33,"OK"
"HAB-01078","Zinkid 10x10","Other",568,"Unit",31,40,"OK"
"HAB-01079","ZYCEL 200 CADILA Aa","Other",100,"Unit",330,429,"OK"
"HAB-01080","ZYCEL 200MG 10X10","Other",200,"Unit",330,429,"OK"
"HAB-01081","ZYCEL 200mg Capsule 10x10","Other",2,"Capsules",33167,43117,"LOW"
"HAB-01082","ZYCEL  CADILLA 200MG S","Other",100,"Unit",330,429,"OK"